Identyfikator publiczny,Nazwa,Rodzaj obiektu,Opis ogolny,Gmina,Powiat,Wojewodztwo,Szerokosc geograficzna,Dlugosc geograficzna,Adres,Dostepnosc
OZO-34DF1E90CD3F,Miejsce ochronne,Obiekt ochrony ludności,,Poznań,Poznań,wielkopolskie,52.40518412376832,16.896154157638556,"ul. Marcelińska 8, Poznań",Całodobowa
OZO-E0DB8D83F2B9,Miejsce ochronne,Obiekt ochrony ludności,,Poznań,Poznań,wielkopolskie,52.40912961889,16.8745011211381,"ul. Modra 15, Poznań",Całodobowa
OZO-C039FED7754F,Miejsce ochronne,Obiekt ochrony ludności,,Poznań,Poznań,wielkopolskie,52.4094223780506,16.9335846907,"ul. Kramarska 5, Poznań",Na żądanie
OZO-C19541DBE4AD,Miejsce ochronne,Obiekt ochrony ludności,,Poznań,Poznań,wielkopolskie,52.38315535,16.91244493,"ul. Czerwca 1956 r. 28 194, Poznań",Określone godziny
OZO-2D44A49D290D,Miejsce ochronne,Obiekt ochrony ludności,,Poznań,Poznań,wielkopolskie,52.4103933388292,16.9503185381586,"ul. Cybińska 1, Poznań",Na żądanie
OZO-41095784582C,Miejsce ochronne,Obiekt ochrony ludności,,Poznań,Poznań,wielkopolskie,52.4116015051021,16.9331753077302,"ul. Święty Wojciech 30, Poznań",Na żądanie
OZO-1767FB6C7BF9,Miejsce ochronne,Obiekt ochrony ludności,,Poznań,Poznań,wielkopolskie,52.4096623968588,16.957355434802,"ul. Warszawska 17, Poznań",Na żądanie
OZO-9DD7C1D80FBE,Miejsce ochronne,Obiekt ochrony ludności,,Poznań,Poznań,wielkopolskie,52.4257169274692,16.9065448619696,"ul. Wojska Polskiego 18/20, Poznań",Na żądanie
OZO-99895BCB9972,Miejsce ochronne,Obiekt ochrony ludności,,Poznań,Poznań,wielkopolskie,52.410987,16.932211,"ul. Wielkopolski 9, Poznań",Na żądanie
OZO-424052DBC5A6,Miejsce ochronne,Obiekt ochrony ludności,,Poznań,Poznań,wielkopolskie,52.412545104538,16.9356223339198,"ul. Bóżnicza 10, Poznań",Na żądanie
OZO-BFC600FF2EE3,Miejsce ochronne,Obiekt ochrony ludności,,Poznań,Poznań,wielkopolskie,52.399774296136734,16.99719071388245,"ul. abpa Walentego Dymka 231, Poznań",Całodobowa
OZO-C2D36D6A0834,Miejsce ochronne,Obiekt ochrony ludności,,Poznań,Poznań,wielkopolskie,52.4120661879875,16.9537678889549,"ul. Gdańska 12, Poznań",Na żądanie
OZO-036071978EC5,Miejsce ochronne,Obiekt ochrony ludności,,Poznań,Poznań,wielkopolskie,52.4104835,16.9319025,"ul. Wielkopolski 10/11c, Poznań",Na żądanie
OZO-3572E9A75867,Miejsce ochronne,Obiekt ochrony ludności,,Poznań,Poznań,wielkopolskie,52.410464632516,16.9250102140591,"ul. Młyńska 9, Poznań",Na żądanie
OZO-D793E671640C,Miejsce ochronne,Obiekt ochrony ludności,,Poznań,Poznań,wielkopolskie,52.4209218171833,16.9667968770001,"ul. Blacharska 11, Poznań",Na żądanie
OZO-9F65D2865200,Miejsce ochronne,Obiekt ochrony ludności,,Poznań,Poznań,wielkopolskie,52.4089582725667,16.924608534947,"ul. 3 Maja 49a, Poznań",Na żądanie
OZO-9BA63B1B8604,Miejsce ochronne,Obiekt ochrony ludności,,Poznań,Poznań,wielkopolskie,52.4119706090596,16.9529167548534,"ul. Gdańska 6, Poznań",Na żądanie
OZO-355F0C38F769,Miejsce ochronne,Obiekt ochrony ludności,,Poznań,Poznań,wielkopolskie,52.3923193171078,16.9655203125068,"ul. Milczańska 16C, Poznań",Całodobowa
OZO-8196AD13081B,Miejsce ochronne,Obiekt ochrony ludności,,Poznań,Poznań,wielkopolskie,52.4612860071421,16.8982451925283,"ul. Teofila Mateckiego 22, Poznań",Na żądanie
OZO-5581E527E6EE,Miejsce ochronne,Obiekt ochrony ludności,,Poznań,Poznań,wielkopolskie,52.4106989905272,16.9329555943877,"ul. Wolnica 1, Poznań",Na żądanie
OZO-74F3CC090494,Miejsce ochronne,Obiekt ochrony ludności,,Poznań,Poznań,wielkopolskie,52.3950915875093,16.9631912730161,"ul. Milczańska 3, Poznań",Całodobowa
OZO-63D7C2C141D5,Miejsce ochronne,Obiekt ochrony ludności,,Poznań,Poznań,wielkopolskie,52.411774717808,16.9275306407424,"ul. Młyńska 16, Poznań",Na żądanie
OZO-CB4947E7129E,Miejsce ochronne,Obiekt ochrony ludności,,Poznań,Poznań,wielkopolskie,52.4111631157909,16.9263814188322,"ul. Feliksa Nowowiejskiego 20, Poznań",Na żądanie
OZO-0A2BD15BD336,Miejsce ochronne,Obiekt ochrony ludności,,Poznań,Poznań,wielkopolskie,52.461279730835,16.8967559737554,"ul. Teofila Mateckiego 4A, Poznań",Na żądanie
OZO-97BA009FD906,Miejsce ochronne,Obiekt ochrony ludności,,Poznań,Poznań,wielkopolskie,52.3923625795743,16.9936579804391,"ul. Florentyny Luboińskiej 3A, Poznań",Na żądanie
OZO-9F0217D4DE56,Miejsce ochronne,Obiekt ochrony ludności,,Poznań,Poznań,wielkopolskie,52.4456484725459,16.8903865353839,"ul. Jasielska 3B, Poznań",Na żądanie
OZO-BDBA7F0D926F,Miejsce ochronne,Obiekt ochrony ludności,,Poznań,Poznań,wielkopolskie,52.4092311935542,16.9248934541479,"ul. 3 Maja 48c, Poznań",Na żądanie
OZO-C53D0F778F95,Miejsce ochronne,Obiekt ochrony ludności,,Poznań,Poznań,wielkopolskie,52.4087384639682,16.9252452047895,"ul. 3 Maja 46, Poznań",Na żądanie
OZO-1F0797C93677,Miejsce ochronne,Obiekt ochrony ludności,,Poznań,Poznań,wielkopolskie,52.3930122005025,16.9668951088733,"ul. Milczańska 16J, Poznań",Na żądanie
OZO-3DAB29A34BA6,Miejsce ochronne,Obiekt ochrony ludności,,Poznań,Poznań,wielkopolskie,52.3980913416479,16.9033475440533,"ul. Głogowska 49, Poznań",Na żądanie
OZO-8A4E5F0DDBE1,Miejsce ochronne,Obiekt ochrony ludności,,Poznań,Poznań,wielkopolskie,52.4435593630467,16.8692951934305,"ul. Żołnierzy Wyklętych 26, Poznań",Na żądanie
OZO-4CC6AEC519D7,Miejsce ochronne,Obiekt ochrony ludności,,Poznań,Poznań,wielkopolskie,52.39110883319,16.8773631003501,"ul. Macieja Palacza 91b, Poznań",Na żądanie
OZO-D6279BCE0F5A,Miejsce ochronne,Obiekt ochrony ludności,,Poznań,Poznań,wielkopolskie,52.4435157359601,16.8982331653289,"ul. Lutycka 113, Poznań",Na żądanie
OZO-DBFBA5752B35,Miejsce ochronne,Obiekt ochrony ludności,,Poznań,Poznań,wielkopolskie,52.4002401754561,16.9514271398811,"ul. Kórnicka 5, Poznań",Na żądanie
OZO-F44EC2238D78,Miejsce ochronne,Obiekt ochrony ludności,,Poznań,Poznań,wielkopolskie,52.3726937232412,16.9342911601692,"ul. Starołęcka 18F, Poznań",Na żądanie
OZO-D8373A7532FA,Miejsce ochronne,Obiekt ochrony ludności,,Poznań,Poznań,wielkopolskie,52.3928823162662,16.9659037644086,"ul. Milczańska 14f, Poznań",Na żądanie
OZO-D610125BC3D5,Miejsce ochronne,Obiekt ochrony ludności,,Poznań,Poznań,wielkopolskie,52.4442297344837,16.9148514021859,"ul. Zygmunta Wojciechowskiego 6A, Poznań",Na żądanie
OZO-B1DB1CDD3C6B,Miejsce ochronne,Obiekt ochrony ludności,,Poznań,Poznań,wielkopolskie,52.3920395156891,16.9670188986359,"ul. Milczańska 22, Poznań",Na żądanie
OZO-527ADBF964C1,Miejsce ochronne,Obiekt ochrony ludności,,Poznań,Poznań,wielkopolskie,52.406997417228,16.9341580466752,"ul. Świętosławska 10, Poznań",Na żądanie
OZO-4DB5F2B69DA5,Miejsce ochronne,Obiekt ochrony ludności,,Poznań,Poznań,wielkopolskie,52.4102955109099,16.9282379556996,"ul. 23 Lutego 21, Poznań",Na żądanie
OZO-184E55A2DFF2,Miejsce ochronne,Obiekt ochrony ludności,,Poznań,Poznań,wielkopolskie,52.4250109644723,16.9219461255343,"ul. Owsiana 17A, Poznań",Na żądanie
OZO-43DAACA8DF27,Miejsce ochronne,Obiekt ochrony ludności,,Poznań,Poznań,wielkopolskie,52.39954718,17.01633638,"ul. Wojtka Kaprala 3, Poznań",Na żądanie
OZO-ACF19BDABD11,Miejsce ochronne,Obiekt ochrony ludności,,Poznań,Poznań,wielkopolskie,52.3972874,16.89656665,"ul. Limanowskiego Bolesława 23, Poznań",Na żądanie
OZO-7BC11D92EB37,Miejsce ochronne,Obiekt ochrony ludności,,Poznań,Poznań,wielkopolskie,52.4544646640423,16.9088393097513,"ul. Mariana Jaroczyńskiego 28, Poznań",Na żądanie
OZO-17A836A45D07,Miejsce ochronne,Obiekt ochrony ludności,,Poznań,Poznań,wielkopolskie,52.3890475999973,17.0074137999991,"ul. Folwarczna 31B, Poznań",Na żądanie
OZO-8868A9AD48E1,Miejsce ochronne,Obiekt ochrony ludności,,Poznań,Poznań,wielkopolskie,52.4090771377755,16.9226321602122,"ul. Seweryna Mielżyńskiego 25a, Poznań",Na żądanie
OZO-80431F587669,Miejsce ochronne,Obiekt ochrony ludności,,Poznań,Poznań,wielkopolskie,52.4099341719354,16.9271674217583,"ul. 23 Lutego 14, Poznań",Na żądanie
OZO-0D1E6F4D6A90,Miejsce ochronne,Obiekt ochrony ludności,,Poznań,Poznań,wielkopolskie,52.4255240207657,16.9219522443236,"ul. Owsiana 23, Poznań",Na żądanie
OZO-B1FB607952A3,Miejsce ochronne,Obiekt ochrony ludności,,Poznań,Poznań,wielkopolskie,52.434746615901,16.921902455819,"ul. Księcia Mieszka I 20B, Poznań",Na żądanie
OZO-E841A25091A6,Miejsce ochronne,Obiekt ochrony ludności,,Poznań,Poznań,wielkopolskie,52.4470514799115,16.8710116032941,"ul. Witolda Gombrowicza 2, Poznań",Na żądanie
OZO-032185921FB9,Miejsce ochronne,Obiekt ochrony ludności,,Poznań,Poznań,wielkopolskie,52.3888519096037,17.0065692332604,"ul. Folwarczna 30A, Poznań",Na żądanie
OZO-EBC179467D6E,Miejsce ochronne,Obiekt ochrony ludności,,Poznań,Poznań,wielkopolskie,52.3885575227386,17.0071723950129,"ul. Folwarczna 35, Poznań",Na żądanie
OZO-A15DE9898363,Miejsce ochronne,Obiekt ochrony ludności,,Poznań,Poznań,wielkopolskie,52.39031199,17.0114162,"1, Poznań",Na żądanie
OZO-CDA72501777E,Miejsce ochronne,Obiekt ochrony ludności,,Poznań,Poznań,wielkopolskie,52.39842908,16.86412732,"ul. Trybunalska 17/25, Poznań",Na żądanie
OZO-360BE15FDE38,Miejsce ochronne,Obiekt ochrony ludności,,Poznań,Poznań,wielkopolskie,52.4633504772738,16.9189357360104,"ul. Stefana Batorego 77, Poznań",Na żądanie
OZO-096A6581220B,Miejsce ochronne,Obiekt ochrony ludności,,Poznań,Poznań,wielkopolskie,52.41736871,16.88406155,"ul. Dąbrowskiego Jana Henryka 159, Poznań",Na żądanie
OZO-5E58DB709CB5,Miejsce ochronne,Obiekt ochrony ludności,,Poznań,Poznań,wielkopolskie,52.4010712,16.94974812,"ul. Piotrowo 5, Poznań",Na żądanie
OZO-2FF7BBB16150,Miejsce ochronne,Obiekt ochrony ludności,,Poznań,Poznań,wielkopolskie,52.3903581000574,17.0008051635518,"ul. Żelazna 16b, Poznań",Całodobowa
OZO-8F360745BFBA,Miejsce ochronne,Obiekt ochrony ludności,,Poznań,Poznań,wielkopolskie,52.41451142,16.93239947,"ul. Józefa Księcia 1/3, Poznań",Określone godziny
OZO-829C3086531F,Miejsce ochronne,Obiekt ochrony ludności,,Poznań,Poznań,wielkopolskie,52.4670179564741,16.9383016643845,"ul. Romana Drewsa 3, Poznań",Na żądanie
OZO-13D7085631EE,Miejsce ochronne,Obiekt ochrony ludności,,Puszczykowo,pow. poznański,wielkopolskie,52.29459411,16.85282526,"ul. Przecznica 15, Puszczykowo",Na żądanie
OZO-6F096695BD26,Miejsce ochronne,Obiekt ochrony ludności,,Poznań,Poznań,wielkopolskie,52.4032921,16.9410043,"ul. Za Groblą 1, Poznań",Na żądanie
OZO-850A2E175FE0,Miejsce ochronne,Obiekt ochrony ludności,,Poznań,Poznań,wielkopolskie,52.4094840336635,16.9334201966102,"ul. Kramarska 3, Poznań",Na żądanie
OZO-440A9F5ECAC3,Miejsce ochronne,Obiekt ochrony ludności,,Poznań,Poznań,wielkopolskie,52.4145753519706,16.910949529924,"ul. Jeżycka 39, Poznań",Na żądanie
OZO-98A145BF0E92,Miejsce ochronne,Obiekt ochrony ludności,,Poznań,Poznań,wielkopolskie,52.38945307,16.88970862,"9/11, Poznań",Określone godziny
OZO-31F27465F170,Miejsce ochronne,Obiekt ochrony ludności,,Poznań,Poznań,wielkopolskie,52.4557760119928,16.9411079604985,"ul. Błażeja 15, Poznań",Na żądanie
OZO-1236FE3D0C33,Miejsce ochronne,Obiekt ochrony ludności,,Poznań,Poznań,wielkopolskie,52.4281280642423,16.8971595411392,"ul. Wojska Polskiego 67, Poznań",Na żądanie
OZO-85132008C47C,Miejsce ochronne,Obiekt ochrony ludności,,Poznań,Poznań,wielkopolskie,52.4300852258421,16.9147106990755,"ul. Koronna 1, Poznań",Na żądanie
OZO-84466E6BE0F6,Miejsce ochronne,Obiekt ochrony ludności,,Poznań,Poznań,wielkopolskie,52.4530330988826,16.9450290389716,"ul. Bolka 15, Poznań",Na żądanie
OZO-9E081316DD6D,Miejsce ochronne,Obiekt ochrony ludności,,Poznań,Poznań,wielkopolskie,52.4285599041863,16.9127526864935,"ul. Sokoła 47, Poznań",Na żądanie
OZO-924240FC4D3E,Miejsce ochronne,Obiekt ochrony ludności,,Poznań,Poznań,wielkopolskie,52.41550553,16.93276455,"ul. Kutrzeby gen. Tadeusza 8, Poznań",Określone godziny
OZO-04EFC41F6716,Miejsce ochronne,Obiekt ochrony ludności,,Poznań,Poznań,wielkopolskie,52.4325872210628,16.9245340303615,"ul. Przyjaźni 24, Poznań",Na żądanie
OZO-BD6DC1452CE1,Miejsce ochronne,Obiekt ochrony ludności,,Poznań,Poznań,wielkopolskie,52.4332727760693,16.9456446016232,"ul. Serbska 17, Poznań",Na żądanie
OZO-D0A0F6EDAACD,Miejsce ochronne,Obiekt ochrony ludności,,Poznań,Poznań,wielkopolskie,52.4042522173395,16.8944232244484,"ul. Grunwaldzka 33a, Poznań",Na żądanie
OZO-BB7F90D1B374,Miejsce ochronne,Obiekt ochrony ludności,,Poznań,Poznań,wielkopolskie,52.38917762,16.88862096,"ul. Jarochowskiego Kazimierza 62, Poznań",Określone godziny
OZO-D34EEEBA5DAC,Miejsce ochronne,Obiekt ochrony ludności,,Poznań,Poznań,wielkopolskie,52.41451142,16.93239947,"ul. Józefa Księcia 1/3, Poznań",Określone godziny
OZO-13FDC9EB9E5F,Miejsce ochronne,Obiekt ochrony ludności,,Poznań,Poznań,wielkopolskie,52.4100343163325,16.928829282008,"ul. Aleje Karola Marcinkowskiego 29, Poznań",Na żądanie
OZO-08A2B8C27783,Miejsce ochronne,Obiekt ochrony ludności,,Poznań,Poznań,wielkopolskie,52.40443324,16.89554043,"ul. Grunwaldzka 29, Poznań",Całodobowa
OZO-02E1B4583BE1,Miejsce ochronne,Obiekt ochrony ludności,,Poznań,Poznań,wielkopolskie,52.3644038,16.9065603,"ul. Łozowa 94b, Poznań",Na żądanie
OZO-841EBA8AD49E,Miejsce ochronne,Obiekt ochrony ludności,,Poznań,Poznań,wielkopolskie,52.3924385540249,16.9845088566017,"ul. Bliźniąt 14a, Poznań",Całodobowa
OZO-0072AE48F219,Miejsce ochronne,Obiekt ochrony ludności,,Poznań,Poznań,wielkopolskie,52.41006278,16.889314,"ul. Przybyszewskiego Stanisława 37, Poznań",Określone godziny
OZO-2552D2D883B5,Miejsce ochronne,Obiekt ochrony ludności,,Poznań,Poznań,wielkopolskie,52.3975812251128,16.9634705288011,"ul. Katowicka 57A, Poznań",Na żądanie
OZO-A019BBAAEDC1,Miejsce ochronne,Obiekt ochrony ludności,,Poznań,Poznań,wielkopolskie,52.40653524,16.93446947,"ul. Gołębia 8, Poznań",Określone godziny
OZO-7FBE63E0CE7B,Miejsce ochronne,Obiekt ochrony ludności,,Poznań,Poznań,wielkopolskie,52.3942419396818,16.8603106111145,"ul. Grunwaldzka 165c, Poznań",Całodobowa
OZO-895E9A9793EB,Miejsce ochronne,Obiekt ochrony ludności,,Poznań,Poznań,wielkopolskie,52.404323657327645,16.895242631435398,"ul. Grunwaldzka 31, Poznań",Całodobowa
OZO-C87CBE6E513C,Miejsce ochronne,Obiekt ochrony ludności,,Poznań,Poznań,wielkopolskie,52.40410110956355,16.894478201866153,"ul. Grunwaldzka 33, Poznań",Całodobowa
OZO-98CB7B2186E2,Miejsce ochronne,Obiekt ochrony ludności,,Poznań,Poznań,wielkopolskie,52.4646350296162,16.9100332215706,"ul. Jana III Sobieskiego 21, Poznań",Na żądanie
OZO-412872293D6C,Miejsce ochronne,Obiekt ochrony ludności,,Poznań,Poznań,wielkopolskie,52.4025818103357,16.9406693246447,"ul. Kazimierza Wielkiego 24/26, Poznań",Na żądanie
OZO-FBD01634726F,Miejsce ochronne,Obiekt ochrony ludności,,Poznań,Poznań,wielkopolskie,52.43752681,16.98653356,"ul. Energetyczna 3, Poznań",Na żądanie
OZO-6AC819AC4A20,Miejsce ochronne,Obiekt ochrony ludności,,Poznań,Poznań,wielkopolskie,52.4123075815129,16.962157394015,"ul. Andrzeja Łaskarza 6, Poznań",Na żądanie
OZO-7E83C549F901,Miejsce ochronne,Obiekt ochrony ludności,,Poznań,Poznań,wielkopolskie,52.4085820702263,16.9357886932526,"ul. Wielka 24/25, Poznań",Na żądanie
OZO-504FEC547252,Miejsce ochronne,Obiekt ochrony ludności,,Poznań,Poznań,wielkopolskie,52.3883644036895,17.0041227233615,"ul. Folwarczna 28, Poznań",Na żądanie
OZO-F1E67F658019,Miejsce ochronne,Obiekt ochrony ludności,,Poznań,Poznań,wielkopolskie,52.4620773554348,16.924306566612,"ul. Stefana Batorego 52, Poznań",Całodobowa
OZO-C307188BD0FE,Miejsce ochronne,Obiekt ochrony ludności,,Poznań,Poznań,wielkopolskie,52.4103329118413,16.9958174526979,"ul. Mogileńska 24, Poznań",Na żądanie
OZO-22D01B268A51,Miejsce ochronne,Obiekt ochrony ludności,,Poznań,Poznań,wielkopolskie,52.38016799,16.9105457,"ul. Czerwca 1956 r. 28 223/229, Poznań",Na żądanie
OZO-203EB70BDEB3,Miejsce ochronne,Obiekt ochrony ludności,,Poznań,Poznań,wielkopolskie,52.4154073,16.8879347,"ul. Wawrzyńca Engeströma 4, Poznań",Na żądanie
OZO-C62EE68A36FC,Miejsce ochronne,Obiekt ochrony ludności,,Poznań,Poznań,wielkopolskie,52.38315535,16.91244493,"ul. Czerwca 1956 r. 28 194, Poznań",Określone godziny
OZO-5139F8D2477A,Miejsce ochronne,Obiekt ochrony ludności,,Poznań,Poznań,wielkopolskie,52.43752681,16.98653356,"ul. Energetyczna 3, Poznań",Na żądanie
OZO-6C32918CBECF,Miejsce ochronne,Obiekt ochrony ludności,,Poznań,Poznań,wielkopolskie,52.38007173,16.96720821,"os. Orła Białego 120, Poznań",Na żądanie
OZO-0070DCA612F9,Miejsce ochronne,Obiekt ochrony ludności,,Poznań,Poznań,wielkopolskie,52.39443128,16.90357471,"ul. Łukaszewicza Józefa 9/13, Poznań",Na żądanie
OZO-0CECD658A0F3,Miejsce ochronne,Obiekt ochrony ludności,,Poznań,Poznań,wielkopolskie,52.41234078,16.98078479,"ul. Trzemeszeńska 12, Poznań",Na żądanie
OZO-A20B6F21BADC,Miejsce ochronne,Obiekt ochrony ludności,,Poznań,Poznań,wielkopolskie,52.39140771,16.92199762,"ul. Jerzego św. 6/10, Poznań",Na żądanie
OZO-BF605B1A62AA,Miejsce ochronne,Obiekt ochrony ludności,,Poznań,Poznań,wielkopolskie,52.41568943,16.8755632,"ul. Piękna 37, Poznań",Na żądanie
OZO-EED4AFAE8189,Miejsce ochronne,Obiekt ochrony ludności,,Poznań,Poznań,wielkopolskie,52.38315535,16.91244493,"ul. Czerwca 1956 r. 28 194, Poznań",Określone godziny
OZO-B1860E62F79D,Miejsce ochronne,Obiekt ochrony ludności,,Poznań,Poznań,wielkopolskie,52.3936385486245,16.9200839181059,"ul. Wildecki 3, Poznań",Całodobowa
OZO-6AA29BDC7EFF,Miejsce ochronne,Obiekt ochrony ludności,,Poznań,Poznań,wielkopolskie,52.38315535,16.91244493,"ul. Czerwca 1956 r. 28 194, Poznań",Określone godziny
OZO-764140177721,Miejsce ochronne,Obiekt ochrony ludności,,Poznań,Poznań,wielkopolskie,52.37198452,16.89706713,"ul. Świerkowa 8, Poznań",Na żądanie
OZO-00B0961C032D,Miejsce ochronne,Obiekt ochrony ludności,,Poznań,Poznań,wielkopolskie,52.40364964,16.9000968,"ul. Matejki Jana 8/10, Poznań",Na żądanie
OZO-F40628B9BA7F,Miejsce ochronne,Obiekt ochrony ludności,,Poznań,Poznań,wielkopolskie,52.41667941,16.89282539,"ul. Żeromskiego Stefana 8/12, Poznań",Na żądanie
OZO-74D3CD348798,Miejsce ochronne,Obiekt ochrony ludności,,Poznań,Poznań,wielkopolskie,52.40998883,16.89208451,"ul. Bukowska 47a, Poznań",Określone godziny
OZO-DD3E9AB63808,Miejsce ochronne,Obiekt ochrony ludności,,Poznań,Poznań,wielkopolskie,52.39364664536214,16.898370087146763,"ul. Głogowska 89/91, Poznań",Na żądanie
OZO-31DC42573CB6,Miejsce ochronne,Obiekt ochrony ludności,,Poznań,Poznań,wielkopolskie,52.4421682173582,16.9279769886881,"ul. Zwycięstwa 7, Poznań",Całodobowa
OZO-042F39005AC6,Miejsce ochronne,Obiekt ochrony ludności,,Poznań,Poznań,wielkopolskie,52.41234078,16.98078479,"ul. Trzemeszeńska 12, Poznań",Na żądanie
OZO-7253E25F055D,Miejsce ochronne,Obiekt ochrony ludności,,Poznań,Poznań,wielkopolskie,52.40058442,16.87478937,"ul. Husarska 4/6, Poznań",Na żądanie
OZO-CDA9184A96FC,Miejsce ochronne,Obiekt ochrony ludności,,Poznań,Poznań,wielkopolskie,52.40740913,16.88781418,"ul. Przybyszewskiego Stanisława 36/38, Poznań",Na żądanie
OZO-54E9699B9D15,Miejsce ochronne,Obiekt ochrony ludności,,Poznań,Poznań,wielkopolskie,52.39546642,16.89770885,"ul. Kasprzaka Marcina 1A, Poznań",Na żądanie
OZO-E309EA1682A5,Miejsce ochronne,Obiekt ochrony ludności,,Poznań,Poznań,wielkopolskie,52.40104944,16.8769899,"ul. Włodkowica Pawła 11/13, Poznań",Na żądanie
OZO-4C516675EA7E,Miejsce ochronne,Obiekt ochrony ludności,,Poznań,Poznań,wielkopolskie,52.3827270580582,16.9901940263946,"ul. Szwedzka 16, Poznań",Całodobowa
OZO-7542ED8D8432,Miejsce ochronne,Obiekt ochrony ludności,,Poznań,Poznań,wielkopolskie,52.39340664,16.89945118,"ul. Chłodna 7/9, Poznań",Na żądanie
OZO-3F120771ECEB,Miejsce ochronne,Obiekt ochrony ludności,,Poznań,Poznań,wielkopolskie,52.40539077,16.88795356,"ul. Przybyszewskiego Stanisława 62/64, Poznań",Na żądanie
OZO-D3743337A81C,Miejsce ochronne,Obiekt ochrony ludności,,Poznań,Poznań,wielkopolskie,52.36108250794708,16.942320764064792,"ul. Iłżańska 22, Poznań",Na żądanie
OZO-F827A58C17D6,Miejsce ochronne,Obiekt ochrony ludności,,Poznań,Poznań,wielkopolskie,52.39535141,16.89760652,"ul. Kasprzaka Marcina 3, Poznań",Na żądanie
OZO-4D7A2615107A,Miejsce ochronne,Obiekt ochrony ludności,,Suchy Las,pow. poznański,wielkopolskie,52.4740698769523,16.8739747461296,"ul. Szkolna 18, Suchy Las",Na żądanie
OZO-6053839A9E8F,Miejsce ochronne,Obiekt ochrony ludności,,Poznań,Poznań,wielkopolskie,52.3806965538176,16.9517968884262,"ul. Armii Krajowej 73, Poznań",Na żądanie
OZO-25AE6B98A1E0,Miejsce ochronne,Obiekt ochrony ludności,,Poznań,Poznań,wielkopolskie,52.3128436237168,16.9678943776376,"ul. Głuszyna 212, Poznań",Na żądanie
OZO-8E1E3760FB7C,Miejsce ochronne,Obiekt ochrony ludności,,Mosina,pow. poznański,wielkopolskie,52.3293328066404,16.916011318991,"ul. Sowia 7B, Czapury",Na żądanie
OZO-E918C9497DEE,Miejsce ochronne,Obiekt ochrony ludności,,Mosina,pow. poznański,wielkopolskie,52.3289599437554,16.9154029185491,"ul. Wiewiórcza 8A, Czapury",Na żądanie
OZO-C46EED9B7785,Miejsce ochronne,Obiekt ochrony ludności,,Mosina,pow. poznański,wielkopolskie,52.3290133806899,16.9147334390813,"ul. Wiewiórcza 12B, Czapury",Na żądanie
OZO-971201E78A77,Miejsce ochronne,Obiekt ochrony ludności,,Poznań,Poznań,wielkopolskie,52.39109554,16.91486488,"ul. Sikorskiego Władysława 29, Poznań",Na żądanie
OZO-A06FA6A4B70E,Miejsce ochronne,Obiekt ochrony ludności,,Poznań,Poznań,wielkopolskie,52.40775813,16.88197371,"ul. Szamotulska 33, Poznań",Na żądanie
OZO-E765F861378C,Miejsce ochronne,Obiekt ochrony ludności,,Mosina,pow. poznański,wielkopolskie,52.3292524531337,16.9164460883065,"ul. Sowia 5A, Czapury",Na żądanie
OZO-3FA97B478110,Miejsce ochronne,Obiekt ochrony ludności,,Poznań,Poznań,wielkopolskie,52.3819273436666,16.9642832926446,"ul. Stare Żegrze 95e, Poznań",Na żądanie
OZO-EF464C0DBFEF,Miejsce ochronne,Obiekt ochrony ludności,,Poznań,Poznań,wielkopolskie,52.42750588,16.90638418,"ul. Wołyńska 33, Poznań",Na żądanie
OZO-CC7E6F0211F6,Miejsce ochronne,Obiekt ochrony ludności,,Poznań,Poznań,wielkopolskie,52.42595137,16.92533514,"ul. Dożynkowa 9, Poznań",Na żądanie
OZO-2AD3A0161ADF,Miejsce ochronne,Obiekt ochrony ludności,,Komorniki,pow. poznański,wielkopolskie,52.3184747639442,16.8471491591242,"ul. Szreniawska 6, Wiry",Na żądanie
OZO-73352DA823B2,Miejsce ochronne,Obiekt ochrony ludności,,Poznań,Poznań,wielkopolskie,52.4163261955695,16.8817971969791,"ul. Szpitalna 3, Poznań",Na żądanie
OZO-9B940A312B40,Miejsce ochronne,Obiekt ochrony ludności,,Poznań,Poznań,wielkopolskie,52.36826513,16.90848866,"ul. Łozowa 53, Poznań",Na żądanie
OZO-AB4C520F98B2,Miejsce ochronne,Obiekt ochrony ludności,,Poznań,Poznań,wielkopolskie,52.35596383,16.94332501,"ul. Baranowska 1, Poznań",Na żądanie
OZO-52788A8F1A97,Miejsce ochronne,Obiekt ochrony ludności,,Poznań,Poznań,wielkopolskie,52.39567654,16.89823695,"ul. Niegolewskich Andrzeja i Władysława 15/15A, Poznań",Na żądanie
OZO-94B32347FFE9,Miejsce ochronne,Obiekt ochrony ludności,,Poznań,Poznań,wielkopolskie,52.39047288,16.875773,"ul. Brzeźnicka 10/4, Poznań",Na żądanie
OZO-6E3FE1816D97,Miejsce ochronne,Obiekt ochrony ludności,,Poznań,Poznań,wielkopolskie,52.42992468,16.90302713,"ul. Wojska Polskiego 50, Poznań",Na żądanie
OZO-63D5B5EB8F28,Miejsce ochronne,Obiekt ochrony ludności,,Poznań,Poznań,wielkopolskie,52.39006439,16.87639789,"ul. Brzeźnicka 2/8, Poznań",Na żądanie
OZO-4778F21F85FC,Miejsce ochronne,Obiekt ochrony ludności,,Poznań,Poznań,wielkopolskie,52.40390052,16.92314822,"ul. Powstańców Wielkopolskich 3, Poznań",Na żądanie
OZO-4BBD4EF929FA,Miejsce ochronne,Obiekt ochrony ludności,,Swarzędz,pow. poznański,wielkopolskie,52.3853407727369,17.0951364450647,"ul. Izabelin 58, Kruszewnia",Całodobowa
OZO-51142D8CA054,Miejsce ochronne,Obiekt ochrony ludności,,Poznań,Poznań,wielkopolskie,52.3742261,16.87215393,"ul. Rawicka 12/14, Poznań",Na żądanie
OZO-1869860F97E1,Miejsce ochronne,Obiekt ochrony ludności,,Poznań,Poznań,wielkopolskie,52.425897976147375,16.924833395919798,"ul. Dożynkowa 9, Poznań",Na żądanie
OZO-18862CBBEE4E,Miejsce ochronne,Obiekt ochrony ludności,,Poznań,Poznań,wielkopolskie,52.38955036,16.87666127,"ul. Rynarzewska 15, Poznań",Na żądanie
OZO-EC5EE9ACA9C0,Miejsce ochronne,Obiekt ochrony ludności,,Poznań,Poznań,wielkopolskie,52.40402982,16.89367085,"ul. Grunwaldzka 35, Poznań",Na żądanie
OZO-FD2F2043B491,Miejsce ochronne,Obiekt ochrony ludności,,Poznań,Poznań,wielkopolskie,52.39947315,16.87194914,"ul. Podstolińska 4/6, Poznań",Na żądanie
OZO-7A2ED63DB950,Miejsce ochronne,Obiekt ochrony ludności,,Poznań,Poznań,wielkopolskie,52.40357479,16.89211941,"ul. Wojskowa 11/13, Poznań",Na żądanie
OZO-2370B9E147FD,Miejsce ochronne,Obiekt ochrony ludności,,Poznań,Poznań,wielkopolskie,52.4580594521897,16.8604524017131,"ul. Johanna Wolfganga Goethego 19E, Poznań",Na żądanie
OZO-0C427D42457C,Miejsce ochronne,Obiekt ochrony ludności,,Poznań,Poznań,wielkopolskie,52.3940056211113,16.9879623851547,"ul. Lwa 27A, Poznań",Na żądanie
OZO-65C4D834B4D0,Miejsce ochronne,Obiekt ochrony ludności,,Poznań,Poznań,wielkopolskie,52.41403609,16.92272364,"al. Niepodległości 32, Poznań",Na żądanie
OZO-7C35254D5A38,Miejsce ochronne,Obiekt ochrony ludności,,Mosina,pow. poznański,wielkopolskie,52.3291515908934,16.9170925425912,"ul. Sowia 1A, Czapury",Na żądanie
OZO-CB67D21F279A,Miejsce ochronne,Obiekt ochrony ludności,,Mosina,pow. poznański,wielkopolskie,52.3295770055479,16.9146999702375,"ul. Sowia 15B, Czapury",Na żądanie
OZO-AFB8306DDAC4,Miejsce ochronne,Obiekt ochrony ludności,,Poznań,Poznań,wielkopolskie,52.4321723787264,16.935262119833,"ul. Murawa 37a, Poznań",Całodobowa
OZO-B1BC16915272,Miejsce ochronne,Obiekt ochrony ludności,,Poznań,Poznań,wielkopolskie,52.3945032,16.8729133,"ul. Heweliusza 4/6, Poznań",Na żądanie
OZO-26221D0E1E8C,Miejsce ochronne,Obiekt ochrony ludności,,Poznań,Poznań,wielkopolskie,52.4086395032428,16.911647476874,"ul. Franklina Roosevelta 20, Poznań",Na żądanie
OZO-48440C63894C,Miejsce ochronne,Obiekt ochrony ludności,,Poznań,Poznań,wielkopolskie,52.41267166022982,16.960683166980747,"ul. Konarskiego Stanisława 34, Poznań",Na żądanie
OZO-2D1E3B3906D3,Miejsce ochronne,Obiekt ochrony ludności,,Swarzędz,pow. poznański,wielkopolskie,52.3982758145233,17.0517833144675,"ul. Teofila Kaczorowskiego 15A, Swarzędz",Całodobowa
OZO-BFF0495301CD,Miejsce ochronne,Obiekt ochrony ludności,,Poznań,Poznań,wielkopolskie,52.38016799,16.9105457,"ul. Czerwca 1956 r. 28 223/229, Poznań",Określone godziny
OZO-C84CC5B35BBB,Miejsce ochronne,Obiekt ochrony ludności,,Swarzędz,pow. poznański,wielkopolskie,52.3850714443763,17.0864659147605,"ul. Serdeczna 27, Zalasewo",Na żądanie
OZO-5CD6D62B4DEB,Miejsce ochronne,Obiekt ochrony ludności,,Swarzędz,pow. poznański,wielkopolskie,52.3854917997427,17.083541507406,"ul. Serdeczna 23, Zalasewo",Całodobowa
OZO-228F5FA0ED91,Miejsce ochronne,Obiekt ochrony ludności,,Poznań,Poznań,wielkopolskie,52.4574354770179,16.9429137077848,"ul. Błażeja 14F, Poznań",Całodobowa
OZO-0DE16F33705F,Miejsce ochronne,Obiekt ochrony ludności,,Swarzędz,pow. poznański,wielkopolskie,52.4040666666667,17.06136,"ul. Poznańska 35, Swarzędz",Na żądanie
OZO-BBD24342B297,Miejsce ochronne,Obiekt ochrony ludności,,Poznań,Poznań,wielkopolskie,52.3120781887963,16.9694578881151,"ul. Głuszyna 224a, Poznań",Na żądanie
OZO-81F48FFE12C7,Miejsce ochronne,Obiekt ochrony ludności,,Poznań,Poznań,wielkopolskie,52.4160214182227,16.8822422008414,"ul. Nowy Świat 1, Poznań",Na żądanie
OZO-269D19AAD756,Miejsce ochronne,Obiekt ochrony ludności,,Swarzędz,pow. poznański,wielkopolskie,52.385330912147,17.084347320362,"ul. Serdeczna 25, Zalasewo",Całodobowa
OZO-542CFE1E7587,Miejsce ochronne,Obiekt ochrony ludności,,Poznań,Poznań,wielkopolskie,52.41675182215461,17.001782655715946,"ul. Wrzesińska 54, Poznań",Na żądanie
OZO-015CDE8D36CA,Miejsce ochronne,Obiekt ochrony ludności,,Poznań,Poznań,wielkopolskie,52.422823202702,16.8721210477233,"ul. Pilicka 7a, Poznań",Na żądanie
OZO-1DF9DD145EF1,Miejsce ochronne,Obiekt ochrony ludności,,Poznań,Poznań,wielkopolskie,52.3990488156672,16.9061679471779,"ul. Gąsiorowskich 4, Poznań",Na żądanie
OZO-3D510DFFC9AB,Miejsce ochronne,Obiekt ochrony ludności,,Poznań,Poznań,wielkopolskie,52.3881974780877,16.8658921480486,"ul. Jugosłowiańska 54d, Poznań",Na żądanie
OZO-9141899F7767,Miejsce ochronne,Obiekt ochrony ludności,,Poznań,Poznań,wielkopolskie,52.3971529928695,16.9626711367942,"ul. Katowicka 53B, Poznań",Całodobowa
OZO-E59AF0F594FF,Miejsce ochronne,Obiekt ochrony ludności,,Mosina,pow. poznański,wielkopolskie,52.3288850048505,16.9158066680146,"ul. Wiewiórcza 6B, Czapury",Na żądanie
OZO-49372E239CFB,Miejsce ochronne,Obiekt ochrony ludności,,Poznań,Poznań,wielkopolskie,52.391949,16.9030679,"ul. Józefa Łukaszewicza 31, Poznań",Na żądanie
OZO-37E9E4C4320C,Miejsce ochronne,Obiekt ochrony ludności,,Poznań,Poznań,wielkopolskie,52.4621245187577,16.9239951335521,"ul. Stefana Batorego 52, Poznań",Całodobowa
OZO-19276B65658C,Miejsce ochronne,Obiekt ochrony ludności,,Poznań,Poznań,wielkopolskie,52.39031199,17.0114162,"ul. Szpaków 1, Poznań",Na żądanie
OZO-719F87A47FA7,Miejsce ochronne,Obiekt ochrony ludności,,Poznań,Poznań,wielkopolskie,52.4082477587067,16.9253459566642,"ul. Ratajczaka Franciszka 44, Poznań",Całodobowa
OZO-47E30F4D18C7,Miejsce ochronne,Obiekt ochrony ludności,,Swarzędz,pow. poznański,wielkopolskie,52.4155858,17.0782602,"ul. Czwartaków 1, Swarzędz",Całodobowa
OZO-86C4ADD717B8,Miejsce ochronne,Obiekt ochrony ludności,,Poznań,Poznań,wielkopolskie,52.3830804095986,16.9642575535052,"ul. Stare Żegrze 94, Poznań",Na żądanie
OZO-AE3212C172AA,Miejsce ochronne,Obiekt ochrony ludności,,Poznań,Poznań,wielkopolskie,52.36521932,16.90607979,"ul. Limbowa 2, Poznań",Określone godziny
OZO-77E2B18BBD3B,Miejsce ochronne,Obiekt ochrony ludności,,Poznań,Poznań,wielkopolskie,52.42566766,16.93420725,"ul. Brandstaettera Romana 6, Poznań",Określone godziny
OZO-4F75A9E7D0E8,Miejsce ochronne,Obiekt ochrony ludności,,Poznań,Poznań,wielkopolskie,52.4223259,16.91088026,"ul. Drzymały Michała 4/6, Poznań",Określone godziny
OZO-FAE483E54DB5,Miejsce ochronne,Obiekt ochrony ludności,,Poznań,Poznań,wielkopolskie,52.3856046620689,16.9401644435433,"ul. Piastowskie 120, Poznań",Całodobowa
OZO-2F9249827057,Miejsce ochronne,Obiekt ochrony ludności,,Poznań,Poznań,wielkopolskie,52.3833410578717,16.9123513395833,"ul. 28 Czerwca 1956 r. 194, Poznań",Na żądanie
OZO-FB9DE52A11BF,Miejsce ochronne,Obiekt ochrony ludności,,Poznań,Poznań,wielkopolskie,52.4615317212966,16.9241402763372,"ul. Stefana Batorego 51, Poznań",Całodobowa
OZO-3900B86D9659,Miejsce ochronne,Obiekt ochrony ludności,,Poznań,Poznań,wielkopolskie,52.4012392165145,16.9243108280582,"ul. Władysława Andersa 1, Poznań",Na żądanie
OZO-2194F1EB1586,Miejsce ochronne,Obiekt ochrony ludności,,Poznań,Poznań,wielkopolskie,52.3985238670229,16.9449719717636,"ul. św. Rocha 19l, Poznań",Na żądanie
OZO-B931520B857B,Miejsce ochronne,Obiekt ochrony ludności,,Komorniki,pow. poznański,wielkopolskie,52.3357683888117,16.8294854985972,"ul. Wrzosowa 1B, Komorniki",Na żądanie
OZO-0197FB83B7B3,Miejsce ochronne,Obiekt ochrony ludności,,Poznań,Poznań,wielkopolskie,52.4621735375589,16.898913730737,"ul. Teofila Mateckiego 21, Poznań",Całodobowa
OZO-DC7239F57C81,Miejsce ochronne,Obiekt ochrony ludności,,Poznań,Poznań,wielkopolskie,52.3794483637342,16.9157113306763,"ul. Saperska 38E, Poznań",Na żądanie
OZO-B6E98815D979,Miejsce ochronne,Obiekt ochrony ludności,,Poznań,Poznań,wielkopolskie,52.4068793313983,16.9106563675495,"ul. Bukowska 3/9, Poznań",Na żądanie
OZO-190E558340ED,Miejsce ochronne,Obiekt ochrony ludności,,Poznań,Poznań,wielkopolskie,52.4618400019568,16.925089363167,"ul. Stefana Batorego 49, Poznań",Całodobowa
OZO-42F0932689BE,Miejsce ochronne,Obiekt ochrony ludności,,Poznań,Poznań,wielkopolskie,52.4077856505326,16.9360897489526,"ul. Ślusarska 6, Poznań",Na żądanie
OZO-1BBDA91B8821,Miejsce ochronne,Obiekt ochrony ludności,,Poznań,Poznań,wielkopolskie,52.3993510233411,16.9638596042959,"ul. Katowicka 25, Poznań",Całodobowa
OZO-B563A1A900ED,Miejsce ochronne,Obiekt ochrony ludności,,Poznań,Poznań,wielkopolskie,52.4244192503548,16.8958751428725,"ul. Mazowiecka 33, Poznań",Określone godziny
OZO-12683ED1A3EB,Miejsce ochronne,Obiekt ochrony ludności,,Poznań,Poznań,wielkopolskie,52.4289169677438,16.9549758310668,"ul. Serbska 16A, Poznań",Na żądanie
OZO-35DB50043522,Miejsce ochronne,Obiekt ochrony ludności,,Poznań,Poznań,wielkopolskie,52.4106433333333,16.9346583333333,"ul. Stawna 12, Poznań",Całodobowa
OZO-2C7E9A176EBF,Miejsce ochronne,Obiekt ochrony ludności,,Poznań,Poznań,wielkopolskie,52.3902171668918,16.8772697069189,"ul. Rynarzewska 3, Poznań",Na żądanie
OZO-70A81775763B,Miejsce ochronne,Obiekt ochrony ludności,,Poznań,Poznań,wielkopolskie,52.3759830858828,16.9618448550539,"ul. Orła Białego 42, Poznań",Na żądanie
OZO-691ED544A63D,Miejsce ochronne,Obiekt ochrony ludności,,Swarzędz,pow. poznański,wielkopolskie,52.4105177689644,17.0789300557898,"ul. Warszawska 1, Swarzędz",Na żądanie
OZO-4A617D720BAE,Miejsce ochronne,Obiekt ochrony ludności,,Poznań,Poznań,wielkopolskie,52.4100250071563,16.9794000180146,"ul. Krańcowa 62, Poznań",Na żądanie
OZO-ED8BD8FAD97B,Miejsce ochronne,Obiekt ochrony ludności,,Poznań,Poznań,wielkopolskie,52.3878504757969,16.8890748445583,"ul. Macieja Palacza 10, Poznań",Na żądanie
OZO-D87A52681BE5,Miejsce ochronne,Obiekt ochrony ludności,,Poznań,Poznań,wielkopolskie,52.388699383642,17.0062670656509,"ul. Folwarczna 30C, Poznań",Na żądanie
OZO-756430267311,Miejsce ochronne,Obiekt ochrony ludności,,Poznań,Poznań,wielkopolskie,52.3724008887804,16.9348299194294,"ul. Starołęcka 18C, Poznań",Określone godziny
OZO-3900F972773D,Miejsce ochronne,Obiekt ochrony ludności,,Poznań,Poznań,wielkopolskie,52.4044168973643,16.9381151254679,"ul. Mostowa 23, Poznań",Na żądanie
OZO-76CBAB18B022,Miejsce ochronne,Obiekt ochrony ludności,,Poznań,Poznań,wielkopolskie,52.394095695637,16.9474413747954,"ul. Piastowskie 35, Poznań",Całodobowa
OZO-61C1257AA1B4,Miejsce ochronne,Obiekt ochrony ludności,,Poznań,Poznań,wielkopolskie,52.3809957887889,16.9688078374457,"ul. Orła Białego 116, Poznań",Na żądanie
OZO-729F0BDA7B35,Miejsce ochronne,Obiekt ochrony ludności,,Poznań,Poznań,wielkopolskie,52.3674653220395,16.9309612341145,"ul. Starołęcka 57, Poznań",Całodobowa
OZO-67893C023311,Miejsce ochronne,Obiekt ochrony ludności,,Poznań,Poznań,wielkopolskie,52.3986041137942,16.9460992500866,"ul. św. Rocha 19p, Poznań",Na żądanie
OZO-D28EE6671073,Miejsce ochronne,Obiekt ochrony ludności,,Luboń,pow. poznański,wielkopolskie,52.3429187627954,16.8836129601847,"ul. Wschodnia 26A, Luboń",Na żądanie
OZO-679C7D50F8B6,Miejsce ochronne,Obiekt ochrony ludności,,Poznań,Poznań,wielkopolskie,52.4123968,16.938624,"ul. Garbary 97, Poznań",Na żądanie
OZO-90D5274E0E1C,Miejsce ochronne,Obiekt ochrony ludności,,Poznań,Poznań,wielkopolskie,52.4164471850527,16.9605163187857,"ul. Zawady 10, Poznań",Na żądanie
OZO-14B29CCBBEF6,Miejsce ochronne,Obiekt ochrony ludności,,Poznań,Poznań,wielkopolskie,52.382822565479,16.965450382146,"ul. Stare Żegrze 99, Poznań",Na żądanie
OZO-F62415A10F9E,Miejsce ochronne,Obiekt ochrony ludności,,Poznań,Poznań,wielkopolskie,52.3939025380389,16.9862429638213,"ul. Lwa 19, Poznań",Na żądanie
OZO-D09308E3EFAE,Miejsce ochronne,Obiekt ochrony ludności,,Poznań,Poznań,wielkopolskie,52.4196571987972,16.890884004963,"ul. Zofii Nałkowskiej 22C, Poznań",Całodobowa
OZO-338965BF4890,Miejsce ochronne,Obiekt ochrony ludności,,Poznań,Poznań,wielkopolskie,52.3674785565799,16.9113675827795,"ul. Osinowa 12a, Poznań",Na żądanie
OZO-57D936328397,Miejsce ochronne,Obiekt ochrony ludności,,Poznań,Poznań,wielkopolskie,52.40952311,16.99533925,"ul. Warszawska 142, Poznań",Całodobowa
OZO-7C97D592421E,Miejsce ochronne,Obiekt ochrony ludności,,Poznań,Poznań,wielkopolskie,52.4554380273705,16.9421723284489,"ul. Błażeja 11B, Poznań",Całodobowa
OZO-8542382F457C,Miejsce ochronne,Obiekt ochrony ludności,,Poznań,Poznań,wielkopolskie,52.4613947035562,16.8959621121777,"ul. Teofila Mateckiego 4C, Poznań",Całodobowa
OZO-01A768F80842,Miejsce ochronne,Obiekt ochrony ludności,,Poznań,Poznań,wielkopolskie,52.4047797940303,16.9393122492536,"ul. Mostowa 25, Poznań",Na żądanie
OZO-49029ED61CC7,Miejsce ochronne,Obiekt ochrony ludności,,Poznań,Poznań,wielkopolskie,52.3764063212405,16.9606595379201,"ul. Orła Białego 35, Poznań",Na żądanie
OZO-0B1EFDE4C881,Miejsce ochronne,Obiekt ochrony ludności,,Poznań,Poznań,wielkopolskie,52.3907776486937,17.0004625138825,"ul. Żelazna 17, Poznań",Na żądanie
OZO-17A674AAEE18,Miejsce ochronne,Obiekt ochrony ludności,,Poznań,Poznań,wielkopolskie,52.3986562008616,16.8736191158197,"ul. Cześnikowska 1c, Poznań",Na żądanie
OZO-7AEF4C6B256E,Miejsce ochronne,Obiekt ochrony ludności,,Poznań,Poznań,wielkopolskie,52.3969563167598,16.8729472536405,"ul. Konfederacka 11a, Poznań",Na żądanie
OZO-7F3D860C782B,Miejsce ochronne,Obiekt ochrony ludności,,Poznań,Poznań,wielkopolskie,52.4049658,16.9503554,"ul. Berdychowo 4, Poznań",Na żądanie
OZO-84D6BCC3D5C2,Miejsce ochronne,Obiekt ochrony ludności,,Poznań,Poznań,wielkopolskie,52.4619623364926,16.9254292373292,"ul. Stefana Batorego 50, Poznań",Całodobowa
OZO-A905AE48FC6E,Miejsce ochronne,Obiekt ochrony ludności,,Poznań,Poznań,wielkopolskie,52.3759780983134,16.9616075498469,"ul. Orła Białego 41, Poznań",Na żądanie
OZO-D2E719B86250,Miejsce ochronne,Obiekt ochrony ludności,,Poznań,Poznań,wielkopolskie,52.4288104310234,16.9183619252104,"ul. Piątkowska 80b, Poznań",Całodobowa
OZO-21D262A3D567,Miejsce ochronne,Obiekt ochrony ludności,,Poznań,Poznań,wielkopolskie,52.3981203999991,16.9589985999997,"ul. Sowia 5, Poznań",Całodobowa
OZO-02D595AA08DF,Miejsce ochronne,Obiekt ochrony ludności,,Poznań,Poznań,wielkopolskie,52.4044226351872,16.9387216921091,"ul. Mostowa 23, Poznań",Na żądanie
OZO-0D7039ECD283,Miejsce ochronne,Obiekt ochrony ludności,,Poznań,Poznań,wielkopolskie,52.4012668438156,16.9565826393237,"ul. Kaliska 22A, Poznań",Całodobowa
OZO-AE79E136CE9E,Miejsce ochronne,Obiekt ochrony ludności,,Poznań,Poznań,wielkopolskie,52.4101812848891,16.9786650265361,"ul. Krańcowa 58, Poznań",Na żądanie
OZO-A0BBEA219072,Miejsce ochronne,Obiekt ochrony ludności,,Czerwonak,pow. poznański,wielkopolskie,52.4531819528944,16.992759009182,"Osiedle Leśne 1A, Koziegłowy",Całodobowa
OZO-B5559C9B645A,Miejsce ochronne,Obiekt ochrony ludności,,Poznań,Poznań,wielkopolskie,52.3988275415636,16.8734550962951,"ul. Grunwaldzka 85d, Poznań",Na żądanie
OZO-7F1AF1E24AA3,Miejsce ochronne,Obiekt ochrony ludności,,Poznań,Poznań,wielkopolskie,52.4608883863444,16.9236966716652,"ul. Stefana Batorego 32, Poznań",Całodobowa
OZO-A3B093731070,Miejsce ochronne,Obiekt ochrony ludności,,Poznań,Poznań,wielkopolskie,52.4092131096839,16.9434262119743,"ul. Chwaliszewo 61, Poznań",Na żądanie
OZO-70E1DAB98C07,Miejsce ochronne,Obiekt ochrony ludności,,Poznań,Poznań,wielkopolskie,52.442147807424,16.9232117090948,"ul. Zwycięstwa 28, Poznań",Całodobowa
OZO-8A5ECA4A1D3F,Miejsce ochronne,Obiekt ochrony ludności,,Poznań,Poznań,wielkopolskie,52.4547100171702,16.9417725116675,"ul. Jasna Rola 40, Poznań",Całodobowa
OZO-885D4E236647,Miejsce ochronne,Obiekt ochrony ludności,,Poznań,Poznań,wielkopolskie,52.3996988353659,16.8744160932541,"ul. Cześnikowska 4, Poznań",Na żądanie
OZO-4D4930E2F2A1,Miejsce ochronne,Obiekt ochrony ludności,,Poznań,Poznań,wielkopolskie,52.3855095709634,16.9680431711528,"ul. Stare Żegrze 162, Poznań",Na żądanie
OZO-261A3F904350,Miejsce ochronne,Obiekt ochrony ludności,,Poznań,Poznań,wielkopolskie,52.3759830106058,16.9613596541257,"ul. Orła Białego 40, Poznań",Na żądanie
OZO-86883677294F,Miejsce ochronne,Obiekt ochrony ludności,,Luboń,pow. poznański,wielkopolskie,52.3411802999991,16.8979173999997,"ul. Jachtowa 39, Luboń",Całodobowa
OZO-EE9E99A777DA,Miejsce ochronne,Obiekt ochrony ludności,,Mosina,pow. poznański,wielkopolskie,52.3288737233264,16.9150654966474,"ul. Wiewiórcza 10, Czapury",Na żądanie
OZO-BFE2E5215870,Miejsce ochronne,Obiekt ochrony ludności,,Poznań,Poznań,wielkopolskie,52.4037426137544,16.9498296423279,"ul. Piotrowo 2, Poznań",Na żądanie
OZO-33D51059C7F1,Miejsce ochronne,Obiekt ochrony ludności,,Poznań,Poznań,wielkopolskie,52.3818280032894,16.9643646119203,"ul. Stare Żegrze 95h, Poznań",Na żądanie
OZO-2A59902A66C4,Miejsce ochronne,Obiekt ochrony ludności,,Poznań,Poznań,wielkopolskie,52.4105442926117,16.8922804747251,"ul. Maksymiliana Jackowskiego 53, Poznań",Na żądanie
OZO-3B9B9F7BBD02,Miejsce ochronne,Obiekt ochrony ludności,,Poznań,Poznań,wielkopolskie,52.4309091006515,16.9179952492272,"ul. Piątkowska 94c, Poznań",Całodobowa
OZO-394FA5DCBB9A,Miejsce ochronne,Obiekt ochrony ludności,,Poznań,Poznań,wielkopolskie,52.3835176792184,16.9646346180571,"ul. Stare Żegrze 89a, Poznań",Na żądanie
OZO-4E492F92B1EE,Miejsce ochronne,Obiekt ochrony ludności,,Poznań,Poznań,wielkopolskie,52.4312956129648,16.8390039399715,"ul. Kołobrzeska 2, Poznań",Całodobowa
OZO-33B8DEF3B5EB,Miejsce ochronne,Obiekt ochrony ludności,,Poznań,Poznań,wielkopolskie,52.3839141389256,16.963877352702,"ul. Rzeczańska 19, Poznań",Całodobowa
OZO-A2A6A7B1B4AF,Miejsce ochronne,Obiekt ochrony ludności,,Poznań,Poznań,wielkopolskie,52.4483091850059,16.8912867986341,"ul. Strzeszyńska 67E, Poznań",Całodobowa
OZO-A3945EA24FFD,Miejsce ochronne,Obiekt ochrony ludności,,Poznań,Poznań,wielkopolskie,52.3892409711651,17.0065556748685,"ul. Folwarczna 24, Poznań",Na żądanie
OZO-F9C956D150B6,Miejsce ochronne,Obiekt ochrony ludności,,Poznań,Poznań,wielkopolskie,52.3885628174595,17.0062192220899,"ul. Folwarczna 30E, Poznań",Na żądanie
OZO-F11D00E29A3F,Miejsce ochronne,Obiekt ochrony ludności,,Poznań,Poznań,wielkopolskie,52.38526241662843,16.855353361493457,"ul. Świebodzińska 40, Poznań",Na żądanie
OZO-9A09C7E9C588,Miejsce ochronne,Obiekt ochrony ludności,,Poznań,Poznań,wielkopolskie,52.3888539326324,17.0057675693702,"ul. Folwarczna 26B, Poznań",Na żądanie
OZO-324B4CEEEEB8,Miejsce ochronne,Obiekt ochrony ludności,,Poznań,Poznań,wielkopolskie,52.3884247999991,17.0082578999997,"ul. Folwarczna 33C, Poznań",Na żądanie
OZO-BFC609DE64BD,Miejsce ochronne,Obiekt ochrony ludności,,Poznań,Poznań,wielkopolskie,52.447945787802,16.8978314849162,"ul. Strzeszyńska 38/42, Poznań",Określone godziny
OZO-52B02CA8443C,Miejsce ochronne,Obiekt ochrony ludności,,Poznań,Poznań,wielkopolskie,52.3967483055071,16.9646705015992,"ul. Katowicka 65B, Poznań",Na żądanie
OZO-02DCD8913B38,Miejsce ochronne,Obiekt ochrony ludności,,Poznań,Poznań,wielkopolskie,52.3720181837548,16.9063482419152,"ul. św. Szczepana 3, Poznań",Na żądanie
OZO-E1D73DF2A16C,Miejsce ochronne,Obiekt ochrony ludności,,Poznań,Poznań,wielkopolskie,52.3888091474719,17.0069330078582,"ul. Folwarczna 32A, Poznań",Na żądanie
OZO-BA7263D185E7,Miejsce ochronne,Obiekt ochrony ludności,,Poznań,Poznań,wielkopolskie,52.4140164944591,16.9005185033057,"ul. Jana Henryka Dąbrowskiego 77, Poznań",Na żądanie
OZO-B02406B80AD8,Miejsce ochronne,Obiekt ochrony ludności,,Poznań,Poznań,wielkopolskie,52.3979471821328,16.9242374864054,"ul. Różana 18, Poznań",Na żądanie
OZO-92D96C3B0F9F,Miejsce ochronne,Obiekt ochrony ludności,,Poznań,Poznań,wielkopolskie,52.408739658691,16.9438508537862,"ul. Tylne Chwaliszewo 8, Poznań",Na żądanie
OZO-6B42DCD99F0D,Miejsce ochronne,Obiekt ochrony ludności,,Poznań,Poznań,wielkopolskie,52.4362778099395,16.9118398709656,"ul. Piątkowska 163, Poznań",Określone godziny
OZO-8BCD2D3598D5,Miejsce ochronne,Obiekt ochrony ludności,,Poznań,Poznań,wielkopolskie,52.4044724518454,16.9162683919614,"ul. Towarowa 41, Poznań",Na żądanie
OZO-B8CF18F9461E,Miejsce ochronne,Obiekt ochrony ludności,,Swarzędz,pow. poznański,wielkopolskie,52.4785885413564,17.0934700285091,"ul. Gminna 11, Wierzonka",Całodobowa
OZO-6A14E7578BFC,Miejsce ochronne,Obiekt ochrony ludności,,Poznań,Poznań,wielkopolskie,52.4047944213746,16.9415562325455,"ul. Grobla 11, Poznań",Na żądanie
OZO-B5C15010D1AE,Miejsce ochronne,Obiekt ochrony ludności,,Poznań,Poznań,wielkopolskie,52.3690473858105,16.9126391955239,"ul. Wiklinowa 4, Poznań",Na żądanie
OZO-633E3D0EEBAF,Miejsce ochronne,Obiekt ochrony ludności,,Poznań,Poznań,wielkopolskie,52.4618111139831,16.9218290282156,"ul. Stefana Batorego 59a, Poznań",Całodobowa
OZO-4D870C6274F3,Miejsce ochronne,Obiekt ochrony ludności,,Poznań,Poznań,wielkopolskie,52.4562890839094,16.9451432940295,"ul. Błażeja 6a, Poznań",Całodobowa
OZO-3271AAF6D7F7,Miejsce ochronne,Obiekt ochrony ludności,,Poznań,Poznań,wielkopolskie,52.4246032440326,16.9261423760827,"ul. Żniwna 3, Poznań",Na żądanie
OZO-A29070940037,Miejsce ochronne,Obiekt ochrony ludności,,Poznań,Poznań,wielkopolskie,52.4616853950832,16.9248253930941,"ul. Stefana Batorego 49, Poznań",Całodobowa
OZO-DD9E014170AB,Miejsce ochronne,Obiekt ochrony ludności,,Poznań,Poznań,wielkopolskie,52.4188772553666,16.8989248093678,"ul. św. Wawrzyńca 28, Poznań",Na żądanie
OZO-594E084507AC,Miejsce ochronne,Obiekt ochrony ludności,,Poznań,Poznań,wielkopolskie,52.4285891951754,16.9543579897191,"ul. Serbska 16C, Poznań",Na żądanie
OZO-10BA5A4AD7CC,Miejsce ochronne,Obiekt ochrony ludności,,Poznań,Poznań,wielkopolskie,52.4141942690408,16.9604839081593,"ul. Małachowskiego Stanisława 10, Poznań",Na żądanie
OZO-501B26ECAB70,Miejsce ochronne,Obiekt ochrony ludności,,Poznań,Poznań,wielkopolskie,52.3791422,16.9086115,"ul. 28 Czerwca 1956 r. 236, Poznań",Na żądanie
OZO-58684DB5DA94,Miejsce ochronne,Obiekt ochrony ludności,,Poznań,Poznań,wielkopolskie,52.3844800594104,16.9655819094317,"ul. Stare Żegrze 130, Poznań",Na żądanie
OZO-22734AC7BF84,Miejsce ochronne,Obiekt ochrony ludności,,Poznań,Poznań,wielkopolskie,52.3930593634663,16.9153877269836,"ul. Stefana Czarnieckiego 4D, Poznań",Na żądanie
OZO-04BE4E09BD7F,Miejsce ochronne,Obiekt ochrony ludności,,Poznań,Poznań,wielkopolskie,52.37745401,16.99394524,"ul. Kłońska 21, Poznań",Określone godziny
OZO-193B166FE900,Miejsce ochronne,Obiekt ochrony ludności,,Czerwonak,pow. poznański,wielkopolskie,52.4483447160797,16.9977133334604,"Osiedle Leśne 26, Koziegłowy",Całodobowa
OZO-C3838A6713DD,Miejsce ochronne,Obiekt ochrony ludności,,Poznań,Poznań,wielkopolskie,52.4595696112975,16.9221434732854,"ul. Henryka Opieńskiego 10, Poznań",Całodobowa
OZO-D250E47E554F,Miejsce ochronne,Obiekt ochrony ludności,,Poznań,Poznań,wielkopolskie,52.4046842585898,16.9413186433096,"ul. Wierzbowa 5, Poznań",Na żądanie
OZO-702B37E42B9D,Miejsce ochronne,Obiekt ochrony ludności,,Poznań,Poznań,wielkopolskie,52.461957293047,16.9236615304851,"ul. Stefana Batorego 52, Poznań",Całodobowa
OZO-AED856E75254,Miejsce ochronne,Obiekt ochrony ludności,,Poznań,Poznań,wielkopolskie,52.4199324079818,16.8718181831996,"ul. Polska 57, Poznań",Na żądanie
OZO-19B7EB53AF05,Miejsce ochronne,Obiekt ochrony ludności,,Poznań,Poznań,wielkopolskie,52.405938731360145,16.99507981538773,"ul. Pobiedziska 3, Poznań",Całodobowa
OZO-10778DC7C655,Miejsce ochronne,Obiekt ochrony ludności,,Poznań,Poznań,wielkopolskie,52.3901752300515,16.9497966752154,"ul. Jagiellońskie 83, Poznań",Na żądanie
OZO-0C276579F93A,Miejsce ochronne,Obiekt ochrony ludności,,Poznań,Poznań,wielkopolskie,52.3889540313259,17.006177463106,"ul. Folwarczna 25f, Poznań",Na żądanie
OZO-3AB9DAEAB9D9,Miejsce ochronne,Obiekt ochrony ludności,,Poznań,Poznań,wielkopolskie,52.3907437082391,16.9435659897055,"ul. Piastowskie 62, Poznań",Na żądanie
OZO-FFF37FE6C290,Miejsce ochronne,Obiekt ochrony ludności,,Poznań,Poznań,wielkopolskie,52.4094168832158,16.9119643935367,"ul. Franklina Roosevelta 18, Poznań",Na żądanie
OZO-9DE363A18FFA,Miejsce ochronne,Obiekt ochrony ludności,,Poznań,Poznań,wielkopolskie,52.4286827558238,16.9165992788631,"ul. Piątkowska 84C, Poznań",Całodobowa
OZO-2FC1069CBECA,Miejsce ochronne,Obiekt ochrony ludności,,Poznań,Poznań,wielkopolskie,52.4136617457559,16.8843199019998,"ul. Augustyna Szamarzewskiego 89, Poznań",Na żądanie
OZO-93AE3A959A7E,Miejsce ochronne,Obiekt ochrony ludności,,Poznań,Poznań,wielkopolskie,52.3839668047324,16.9667233697755,"ul. Stare Żegrze 134, Poznań",Na żądanie
OZO-97C45767A8C4,Miejsce ochronne,Obiekt ochrony ludności,,Poznań,Poznań,wielkopolskie,52.4219510991732,16.9155077536988,"ul. Drzymały Michała 19, Poznań",Na żądanie
OZO-D3309DC49C6D,Miejsce ochronne,Obiekt ochrony ludności,,Poznań,Poznań,wielkopolskie,52.4292636207534,16.9545849833322,"ul. Serbska 14B, Poznań",Na żądanie
OZO-0B3071073C97,Miejsce ochronne,Obiekt ochrony ludności,,Poznań,Poznań,wielkopolskie,52.4113551752652,16.9378549366937,"ul. Małe Garbary 9, Poznań",Całodobowa
OZO-2EF6372663CC,Miejsce ochronne,Obiekt ochrony ludności,,Poznań,Poznań,wielkopolskie,52.4440064731655,16.8962229689653,"ul. Jasielska 14A, Poznań",Całodobowa
OZO-F960ADB021AB,Miejsce ochronne,Obiekt ochrony ludności,,Poznań,Poznań,wielkopolskie,52.3957609171625,16.9650733642817,"ul. Katowicka 77E, Poznań",Na żądanie
OZO-B8B0791DE728,Miejsce ochronne,Obiekt ochrony ludności,,Poznań,Poznań,wielkopolskie,52.4145495987,16.9130160007063,"ul. Jeżycka 48, Poznań",Na żądanie
OZO-7DF74BDDDB07,Miejsce ochronne,Obiekt ochrony ludności,,Poznań,Poznań,wielkopolskie,52.4042760828032,16.9394535179232,"ul. Mostowa 23, Poznań",Na żądanie
OZO-DFAADC9CF417,Miejsce ochronne,Obiekt ochrony ludności,,Poznań,Poznań,wielkopolskie,52.4093198010647,16.9415806638521,"ul. Wenecjańska 7, Poznań",Na żądanie
OZO-7558427518CD,Miejsce ochronne,Obiekt ochrony ludności,,Poznań,Poznań,wielkopolskie,52.4288013140232,16.9174197532871,"ul. Piątkowska 80a, Poznań",Całodobowa
OZO-85C6CF46D5F4,Miejsce ochronne,Obiekt ochrony ludności,,Poznań,Poznań,wielkopolskie,52.4097156675578,16.8951050922717,"ul. Polna 33, Poznań",Całodobowa
OZO-0CA08674AA45,Miejsce ochronne,Obiekt ochrony ludności,,Poznań,Poznań,wielkopolskie,52.4032293169792,16.9328326215784,"ul. Rybaki 1, Poznań",Na żądanie
OZO-6D71AAB2644D,Miejsce ochronne,Obiekt ochrony ludności,,Poznań,Poznań,wielkopolskie,52.4507521516255,16.9203248202268,"ul. Bolesława Śmiałego 121, Poznań",Określone godziny
OZO-D9A3ED6BF3A4,Miejsce ochronne,Obiekt ochrony ludności,,Poznań,Poznań,wielkopolskie,52.4152008314537,16.9348024389122,"ul. Ku Cytadeli 2, Poznań",Na żądanie
OZO-FF1026143EFB,Miejsce ochronne,Obiekt ochrony ludności,,Poznań,Poznań,wielkopolskie,52.42449752742547,16.86914104033445,"ul. Żarnowiecka 25, Poznań",Całodobowa
OZO-E3529BD2916B,Miejsce ochronne,Obiekt ochrony ludności,,Poznań,Poznań,wielkopolskie,52.3934339018444,16.892919343137,"ul. Floriana Stablewskiego 47, Poznań",Na żądanie
OZO-035C9645901D,Miejsce ochronne,Obiekt ochrony ludności,,Poznań,Poznań,wielkopolskie,52.3861439537193,16.8894841880023,"ul. Głogowska 154, Poznań",Całodobowa
OZO-1141BABC633C,Miejsce ochronne,Obiekt ochrony ludności,,Poznań,Poznań,wielkopolskie,52.413391115399,16.9044970454698,"ul. Poznańska 3, Poznań",Na żądanie
OZO-D19BD480B842,Miejsce ochronne,Obiekt ochrony ludności,,Poznań,Poznań,wielkopolskie,52.3884812474197,16.9120703157559,"ul. Jana Umińskiego 11, Poznań",Na żądanie
OZO-3013AD6FA155,Miejsce ochronne,Obiekt ochrony ludności,,Poznań,Poznań,wielkopolskie,52.4029877625551,16.906748203058,"ul. Heliodora Święcickiego 6, Poznań",Na żądanie
OZO-F4B73CAC0705,Miejsce ochronne,Obiekt ochrony ludności,,Poznań,Poznań,wielkopolskie,52.4136398426768,16.9632280796807,"ul. Michała św. 45F, Poznań",Na żądanie
OZO-66D34DBDD82C,Miejsce ochronne,Obiekt ochrony ludności,,Poznań,Poznań,wielkopolskie,52.3934457224485,16.8894985761328,"ul. Józefa Chociszewskiego 44c, Poznań",Na żądanie
OZO-07D21D993922,Miejsce ochronne,Obiekt ochrony ludności,,Poznań,Poznań,wielkopolskie,52.4463124002333,16.8728174858815,"ul. Literacka 45J, Poznań",Całodobowa
OZO-623D59AB6E2A,Miejsce ochronne,Obiekt ochrony ludności,,Poznań,Poznań,wielkopolskie,52.3950419306732,16.9354021814351,"ul. Bielniki 3, Poznań",Na żądanie
OZO-4422275548BC,Miejsce ochronne,Obiekt ochrony ludności,,Poznań,Poznań,wielkopolskie,52.3983432723785,16.8943333122197,"ul. Stanisława Wyspiańskiego 27, Poznań",Na żądanie
OZO-83C5CF984FFB,Miejsce ochronne,Obiekt ochrony ludności,,Poznań,Poznań,wielkopolskie,52.4104429562315,17.0036784495722,"ul. Warszawska 200, Poznań",Całodobowa
OZO-D3033D2AD3C8,Miejsce ochronne,Obiekt ochrony ludności,,Poznań,Poznań,wielkopolskie,52.3849320546622,16.916914949053,"ul. Romualda Traugutta 38B, Poznań",Na żądanie
OZO-38C6DE71A698,Miejsce ochronne,Obiekt ochrony ludności,,Poznań,Poznań,wielkopolskie,52.3890973920267,16.9141154163108,"ul. Antoniego Kosińskiego 24, Poznań",Na żądanie
OZO-CCDB6C37C048,Miejsce ochronne,Obiekt ochrony ludności,,Poznań,Poznań,wielkopolskie,52.4211203273089,16.9136840572667,"ul. Drzymały Michała 14B, Poznań",Na żądanie
OZO-34A23B5F6968,Miejsce ochronne,Obiekt ochrony ludności,,Poznań,Poznań,wielkopolskie,52.4278146647556,16.9346784215558,"ul. Na Murawie 11D, Poznań",Na żądanie
OZO-ACEAA94C4A17,Miejsce ochronne,Obiekt ochrony ludności,,Poznań,Poznań,wielkopolskie,52.4053105,16.9023398,"ul. Grunwaldzka 16a, Poznań",Na żądanie
OZO-7772990E0DFF,Miejsce ochronne,Obiekt ochrony ludności,,Poznań,Poznań,wielkopolskie,52.4141062031294,16.900935429305,"ul. Jana Henryka Dąbrowskiego 77A, Poznań",Całodobowa
OZO-B7B35DE3BAA4,Miejsce ochronne,Obiekt ochrony ludności,,Poznań,Poznań,wielkopolskie,52.4136284797907,16.8842421179324,"ul. Augustyna Szamarzewskiego 89, Poznań",Na żądanie
OZO-C9DE7AA66F6A,Miejsce ochronne,Obiekt ochrony ludności,,Poznań,Poznań,wielkopolskie,52.4148709620427,16.8833623798428,"ul. Augustyna Szamarzewskiego 91A, Poznań",Na żądanie
OZO-8A922358CAB7,Miejsce ochronne,Obiekt ochrony ludności,,Poznań,Poznań,wielkopolskie,52.4221171247003,16.915867169716,"ul. Michała Drzymały 21, Poznań",Na żądanie
OZO-5F798FC64B91,Miejsce ochronne,Obiekt ochrony ludności,,Poznań,Poznań,wielkopolskie,52.408993926653,16.9410276911301,"ul. Wenecjańska 8, Poznań",Na żądanie
OZO-934971FA9DAE,Miejsce ochronne,Obiekt ochrony ludności,,Poznań,Poznań,wielkopolskie,52.4042402818925,16.9279753520595,"ul. Piekary 16, Poznań",Na żądanie
OZO-A4C58B4A289C,Miejsce ochronne,Obiekt ochrony ludności,,Poznań,Poznań,wielkopolskie,52.392963973057,16.8998171467799,"ul. Lodowa 11, Poznań",Całodobowa
OZO-2B27C38F1DB1,Miejsce ochronne,Obiekt ochrony ludności,,Poznań,Poznań,wielkopolskie,52.3944680840779,16.9035511936458,"ul. Józefa Łukaszewicza 9/13, Poznań",Na żądanie
OZO-64719AE7392D,Miejsce ochronne,Obiekt ochrony ludności,,Poznań,Poznań,wielkopolskie,52.3896133910816,16.861062663077,"ul. Smardzewska 16A, Poznań",Na żądanie
OZO-3CB3282000A7,Miejsce ochronne,Obiekt ochrony ludności,,Poznań,Poznań,wielkopolskie,52.3987705099983,16.8636385239778,"ul. Miecznikowska 2, Poznań",Określone godziny
OZO-94FCE4AADC79,Miejsce ochronne,Obiekt ochrony ludności,,Poznań,Poznań,wielkopolskie,52.3651917150828,16.9086483382118,"ul. Łozowa 81, Poznań",Na żądanie
OZO-51577ED426EA,Miejsce ochronne,Obiekt ochrony ludności,,Poznań,Poznań,wielkopolskie,52.4292758430887,16.9554176875706,"ul. Serbska 12A, Poznań",Na żądanie
OZO-6EF3235900DC,Miejsce ochronne,Obiekt ochrony ludności,,Poznań,Poznań,wielkopolskie,52.3869477782338,16.8814725134901,"ul. Augustyna Kordeckiego 6, Poznań",Na żądanie
OZO-8499F1C6FF57,Miejsce ochronne,Obiekt ochrony ludności,,Poznań,Poznań,wielkopolskie,52.3921836597809,16.9232526127823,"ul. Powstańcza 3, Poznań",Na żądanie
OZO-0C4972BFB214,Miejsce ochronne,Obiekt ochrony ludności,,Poznań,Poznań,wielkopolskie,52.4603279,16.9238344,"ul. Stefana Batorego 31H, Poznań",Całodobowa
OZO-13F00A409EB8,Miejsce ochronne,Obiekt ochrony ludności,,Poznań,Poznań,wielkopolskie,52.4210328820303,16.97486228663,"ul. Aleksandra Studniarskiego 1, Poznań",Na żądanie
OZO-098D013CD61F,Miejsce ochronne,Obiekt ochrony ludności,,Poznań,Poznań,wielkopolskie,52.45707384427,16.9450423898891,"ul. Błażeja 6d, Poznań",Całodobowa
OZO-94CB5AA719F2,Miejsce ochronne,Obiekt ochrony ludności,,Poznań,Poznań,wielkopolskie,52.4426414441245,16.8957261422585,"ul. Jasielska 14E, Poznań",Całodobowa
OZO-2C35A503471A,Miejsce ochronne,Obiekt ochrony ludności,,Poznań,Poznań,wielkopolskie,52.4090529417578,16.9429703591373,"ul. Chwaliszewo 62, Poznań",Na żądanie
OZO-B12ECF2665FE,Miejsce ochronne,Obiekt ochrony ludności,,Poznań,Poznań,wielkopolskie,52.4044544726631,16.895184971809,"ul. Grunwaldzka 31a, Poznań",Na żądanie
OZO-357DBBADA2FB,Miejsce ochronne,Obiekt ochrony ludności,,Poznań,Poznań,wielkopolskie,52.397525320946,16.9248316795215,"ul. Górna Wilda 74, Poznań",Na żądanie
OZO-918F6C37E45B,Miejsce ochronne,Obiekt ochrony ludności,,Poznań,Poznań,wielkopolskie,52.3918835779961,16.8885469400235,"ul. Hetmańska 16, Poznań",Na żądanie
OZO-DF395278EB2A,Miejsce ochronne,Obiekt ochrony ludności,,Poznań,Poznań,wielkopolskie,52.4083476288117,16.9428571146087,"ul. Tylne Chwaliszewo 27, Poznań",Na żądanie
OZO-F39BC37B9EEA,Miejsce ochronne,Obiekt ochrony ludności,,Poznań,Poznań,wielkopolskie,52.4220246670674,16.9673453724428,"ul. Mariacka 6, Poznań",Na żądanie
OZO-060F672F908F,Miejsce ochronne,Obiekt ochrony ludności,,Poznań,Poznań,wielkopolskie,52.4643388844253,16.9199143691873,"ul. Stefana Batorego 80C, Poznań",Całodobowa
OZO-5774A551CACB,Miejsce ochronne,Obiekt ochrony ludności,,Poznań,Poznań,wielkopolskie,52.4150791890899,16.9113194491378,"ul. Jeżycka 38/40, Poznań",Całodobowa
OZO-AC3B51F4CAD0,Miejsce ochronne,Obiekt ochrony ludności,,Poznań,Poznań,wielkopolskie,52.4447361485781,16.8684218531526,"ul. Tadeusza Mikke 6, Poznań",Całodobowa
OZO-244B6F90B158,Miejsce ochronne,Obiekt ochrony ludności,,Poznań,Poznań,wielkopolskie,52.3663710901107,16.9096873605478,"ul. Osinowa 6c, Poznań",Na żądanie
OZO-037CFF336619,Miejsce ochronne,Obiekt ochrony ludności,,Poznań,Poznań,wielkopolskie,52.4072190521357,16.8892225836613,"ul. Stanisława Przybyszewskiego 37A, Poznań",Na żądanie
OZO-86ED0995C212,Miejsce ochronne,Obiekt ochrony ludności,,Poznań,Poznań,wielkopolskie,52.4226971580364,16.9727142293069,"ul. Średnia 12, Poznań",Na żądanie
OZO-8454C1999039,Miejsce ochronne,Obiekt ochrony ludności,,Poznań,Poznań,wielkopolskie,52.36189377,16.90863395,"ul. Dębina 23b, Poznań",Na żądanie
OZO-F522EC8A184C,Miejsce ochronne,Obiekt ochrony ludności,,Poznań,Poznań,wielkopolskie,52.4026712,16.8913438,"ul. Grunwaldzka 38b, Poznań",Na żądanie
OZO-60156C36840F,Miejsce ochronne,Obiekt ochrony ludności,,Poznań,Poznań,wielkopolskie,52.3992517015262,16.9588082518618,"ul. Polanka 18a, Poznań",Całodobowa
OZO-0AEB593FB1D4,Miejsce ochronne,Obiekt ochrony ludności,,Poznań,Poznań,wielkopolskie,52.3866908309919,16.882290419602,"ul. Sielska 49, Poznań",Na żądanie
OZO-71CFDF812F47,Miejsce ochronne,Obiekt ochrony ludności,,Poznań,Poznań,wielkopolskie,52.4549861589254,16.9426909167984,"ul. Błażeja 11E, Poznań",Całodobowa
OZO-9345E1E5A2E4,Miejsce ochronne,Obiekt ochrony ludności,,Poznań,Poznań,wielkopolskie,52.4044398065854,16.9378337617323,"ul. Mostowa 23, Poznań",Na żądanie
OZO-556D66502FEF,Miejsce ochronne,Obiekt ochrony ludności,,Poznań,Poznań,wielkopolskie,52.4414368309733,16.8877595455239,"ul. Druskienicka 2D, Poznań",Całodobowa
OZO-333B7F17E368,Miejsce ochronne,Obiekt ochrony ludności,,Poznań,Poznań,wielkopolskie,52.4110942005258,16.9640740874709,"ul. św. Michała 21, Poznań",Na żądanie
OZO-78A9E796BA39,Miejsce ochronne,Obiekt ochrony ludności,,Poznań,Poznań,wielkopolskie,52.383459577261,16.8896759184683,"ul. Bosa 15, Poznań",Na żądanie
OZO-3A5094826581,Miejsce ochronne,Obiekt ochrony ludności,,Poznań,Poznań,wielkopolskie,52.415405622333,16.9086410252559,"ul. Mylna 27, Poznań",Na żądanie
OZO-B67B0B4ADB59,Miejsce ochronne,Obiekt ochrony ludności,,Poznań,Poznań,wielkopolskie,52.445022297299,16.8673961967544,"ul. Tadeusza Mikke 14, Poznań",Całodobowa
OZO-9A53AAF40A34,Miejsce ochronne,Obiekt ochrony ludności,,Poznań,Poznań,wielkopolskie,52.3976957999991,16.9639815999997,"ul. Katowicka 59A, Poznań",Na żądanie
OZO-DDB9F19881EB,Miejsce ochronne,Obiekt ochrony ludności,,Poznań,Poznań,wielkopolskie,52.4561890886526,16.9034449590381,"ul. Franciszka Stróżyńskiego 15E, Poznań",Całodobowa
OZO-47B5ED33CEB4,Miejsce ochronne,Obiekt ochrony ludności,,Poznań,Poznań,wielkopolskie,52.3999134707805,16.8926281995501,"ul. Wojskowa 1C, Poznań",Całodobowa
OZO-9FB414391A8A,Miejsce ochronne,Obiekt ochrony ludności,,Poznań,Poznań,wielkopolskie,52.4080571624027,16.9018471320794,"ul. Józefa Kraszewskiego 30, Poznań",Całodobowa
OZO-99D0584F804E,Miejsce ochronne,Obiekt ochrony ludności,,Poznań,Poznań,wielkopolskie,52.3984971784942,16.9456949264809,"ul. św. Rocha 19f, Poznań",Na żądanie
OZO-F09DDCDCF732,Miejsce ochronne,Obiekt ochrony ludności,,Poznań,Poznań,wielkopolskie,52.4159992,16.9055221,"ul. Kościelna 33, Poznań",Na żądanie
OZO-80893D7724A8,Miejsce ochronne,Obiekt ochrony ludności,,Poznań,Poznań,wielkopolskie,52.4427708261833,16.8696929047741,"ul. Elżbiety Zawackiej 19, Poznań",Całodobowa
OZO-81A41E7DC9C8,Miejsce ochronne,Obiekt ochrony ludności,,Poznań,Poznań,wielkopolskie,52.4467937455703,16.8916137916644,"ul. Jasielska 5E, Poznań",Całodobowa
OZO-E1FE6EF5438E,Miejsce ochronne,Obiekt ochrony ludności,,Poznań,Poznań,wielkopolskie,52.4213584962351,16.9751149855005,"ul. Wiejska 8A, Poznań",Na żądanie
OZO-344E5B85554A,Miejsce ochronne,Obiekt ochrony ludności,,Poznań,Poznań,wielkopolskie,52.4051813439734,16.9271140897386,"ul. Piekary 19, Poznań",Na żądanie
OZO-C5EC7C4F6A6D,Miejsce ochronne,Obiekt ochrony ludności,,Poznań,Poznań,wielkopolskie,52.4002802757468,16.9522861656761,"ul. Jana Pawła II 28, Poznań",Na żądanie
OZO-6EC03BBB7AF8,Miejsce ochronne,Obiekt ochrony ludności,,Poznań,Poznań,wielkopolskie,52.3891301308386,16.9135950677619,"ul. Antoniego Kosińskiego 21, Poznań",Całodobowa
OZO-821146D9CA89,Miejsce ochronne,Obiekt ochrony ludności,,Poznań,Poznań,wielkopolskie,52.4027405627818,16.9483435239426,"ul. Piotrowo 4, Poznań",Na żądanie
OZO-17DEB7E799A6,Miejsce ochronne,Obiekt ochrony ludności,,Poznań,Poznań,wielkopolskie,52.4642806492391,16.9201308966107,"ul. Stefana Batorego 80D, Poznań",Całodobowa
OZO-DBEFBEC0E7AE,Miejsce ochronne,Obiekt ochrony ludności,,Poznań,Poznań,wielkopolskie,52.3777507753716,16.8667099044842,"ul. Kopanina 28/36, Poznań",Na żądanie
OZO-EB12B27EF0E8,Miejsce ochronne,Obiekt ochrony ludności,,Poznań,Poznań,wielkopolskie,52.4615434531118,16.9238450239402,"ul. Stefana Batorego 51, Poznań",Całodobowa
OZO-9DA2CB865F0D,Miejsce ochronne,Obiekt ochrony ludności,,Poznań,Poznań,wielkopolskie,52.3953707,16.8542404,"ul. Władysława Węgorka 20, Poznań",Na żądanie
OZO-64BCBCEAA984,Miejsce ochronne,Obiekt ochrony ludności,,Komorniki,pow. poznański,wielkopolskie,52.3168726539564,16.8532350824142,"ul. Zespołowa 23, Wiry",Na żądanie
OZO-2074E6562E68,Miejsce ochronne,Obiekt ochrony ludności,,Poznań,Poznań,wielkopolskie,52.414723840633,16.9131159352222,"ul. Barzyńskiego Michała 11, Poznań",Na żądanie
OZO-F697541216CC,Miejsce ochronne,Obiekt ochrony ludności,,Poznań,Poznań,wielkopolskie,52.3948810825323,16.9446895625245,"ul. Piastowskie 21, Poznań",Całodobowa
OZO-53ED3E246410,Miejsce ochronne,Obiekt ochrony ludności,,Swarzędz,pow. poznański,wielkopolskie,52.3894275466787,17.077699458527,"ul. Kórnicka 194C, Zalasewo",Całodobowa
OZO-E074B87258EA,Miejsce ochronne,Obiekt ochrony ludności,,Poznań,Poznań,wielkopolskie,52.3816976443879,16.9646360819281,"ul. Stare Żegrze 95a, Poznań",Na żądanie
OZO-45D1110D6289,Miejsce ochronne,Obiekt ochrony ludności,,Poznań,Poznań,wielkopolskie,52.3956704137838,16.9665697501536,"ul. Katowicka 93B, Poznań",Na żądanie
OZO-59D9D9195B71,Miejsce ochronne,Obiekt ochrony ludności,,Poznań,Poznań,wielkopolskie,52.397949431963,16.9305677691808,"ul. Maratońska 3B, Poznań",Na żądanie
OZO-AD7F39E1BEFC,Miejsce ochronne,Obiekt ochrony ludności,,Poznań,Poznań,wielkopolskie,52.3963818554725,16.9664431559877,"ul. Katowicka 81E, Poznań",Na żądanie
OZO-3E1997C86310,Miejsce ochronne,Obiekt ochrony ludności,,Poznań,Poznań,wielkopolskie,52.4138891209188,16.8834410315397,"ul. Augustyna Szamarzewskiego 91, Poznań",Na żądanie
OZO-34C95630A708,Miejsce ochronne,Obiekt ochrony ludności,,Poznań,Poznań,wielkopolskie,52.388738586058,16.8709046099665,"ul. Promienista 126, Poznań",Na żądanie
OZO-DA373935E4DA,Miejsce ochronne,Obiekt ochrony ludności,,Poznań,Poznań,wielkopolskie,52.4571018770603,16.9427702096024,"ul. Błażeja 14E, Poznań",Całodobowa
OZO-62F6F0BD3DE8,Miejsce ochronne,Obiekt ochrony ludności,,Poznań,Poznań,wielkopolskie,52.377814753026,16.961002860666,"ul. Orła Białego 8, Poznań",Na żądanie
OZO-509614462755,Miejsce ochronne,Obiekt ochrony ludności,,Poznań,Poznań,wielkopolskie,52.3952332057036,16.9852015827714,"ul. abpa Walentego Dymka 194, Poznań",Całodobowa
OZO-257F0E5D167A,Miejsce ochronne,Obiekt ochrony ludności,,Poznań,Poznań,wielkopolskie,52.3860727157783,16.8570494257791,"ul. Międzyborska 14, Poznań",Całodobowa
OZO-276A1AC6E8BA,Miejsce ochronne,Obiekt ochrony ludności,,Poznań,Poznań,wielkopolskie,52.390064463201,16.8763978578506,"ul. Brzeźnicka 2, Poznań",Na żądanie
OZO-C8A84DE78DF4,Miejsce ochronne,Obiekt ochrony ludności,,Poznań,Poznań,wielkopolskie,52.3741987515266,16.8721326750742,"ul. Rawicka 12/14, Poznań",Na żądanie
OZO-5D8A0F612A1D,Miejsce ochronne,Obiekt ochrony ludności,,Poznań,Poznań,wielkopolskie,52.4644966777007,16.9006035900264,"ul. Teofila Mateckiego 19, Poznań",Całodobowa
OZO-43931C5F38AC,Miejsce ochronne,Obiekt ochrony ludności,,Poznań,Poznań,wielkopolskie,52.4042682686841,16.9404402081577,"ul. Wierzbowa 6, Poznań",Na żądanie
OZO-A99A8C356D49,Miejsce ochronne,Obiekt ochrony ludności,,Poznań,Poznań,wielkopolskie,52.4326544071164,17.0022158942986,"ul. Bałtycka 67, Poznań",Na żądanie
OZO-89C25893C29B,Miejsce ochronne,Obiekt ochrony ludności,,Poznań,Poznań,wielkopolskie,52.4279857857283,16.9252490144806,"ul. Słowiańska 36A, Poznań",Na żądanie
OZO-2E925959DBE3,Miejsce ochronne,Obiekt ochrony ludności,,Poznań,Poznań,wielkopolskie,52.4275554364587,16.9349506658397,"os. Na Murawie 11A, Poznań",Na żądanie
OZO-1A8D32C65075,Miejsce ochronne,Obiekt ochrony ludności,,Poznań,Poznań,wielkopolskie,52.3802602843622,16.9139270969287,"ul. Sportowa 3, Poznań",Całodobowa
OZO-086F354909E2,Miejsce ochronne,Obiekt ochrony ludności,,Poznań,Poznań,wielkopolskie,52.3866218479288,16.8890626620916,"ul. Kosynierska 18, Poznań",Na żądanie
OZO-92D8A451FD65,Miejsce ochronne,Obiekt ochrony ludności,,Poznań,Poznań,wielkopolskie,52.4025795269468,16.9345957156961,"ul. Strzelecka 29A, Poznań",Na żądanie
OZO-91ABAB1488C7,Miejsce ochronne,Obiekt ochrony ludności,,Poznań,Poznań,wielkopolskie,52.4290662603728,16.8490718246425,"ul. Jana Henryka Dąbrowskiego 309, Poznań",Całodobowa
OZO-ACBBADEFA6D7,Miejsce ochronne,Obiekt ochrony ludności,,Poznań,Poznań,wielkopolskie,52.4283227664421,16.952973835923,"ul. Czapla 21, Poznań",Na żądanie
OZO-03ADE6F3A3CC,Miejsce ochronne,Obiekt ochrony ludności,,Poznań,Poznań,wielkopolskie,52.4014504353232,16.9564302296572,"ul. Kaliska 22A, Poznań",Na żądanie
OZO-02078FF772BC,Miejsce ochronne,Obiekt ochrony ludności,,Poznań,Poznań,wielkopolskie,52.4044844712319,16.9408645154357,"ul. Wierzbowa 5, Poznań",Na żądanie
OZO-9E89ED0E0007,Miejsce ochronne,Obiekt ochrony ludności,,Poznań,Poznań,wielkopolskie,52.4126649857998,16.941068013042,"ul. Szyperska 13, Poznań",Na żądanie
OZO-D870432C5C7A,Miejsce ochronne,Obiekt ochrony ludności,,Poznań,Poznań,wielkopolskie,52.381526317933314,16.964463740587238,"ul. Stare Żegrze 95a, Poznań",Na żądanie
OZO-3C4422268983,Miejsce ochronne,Obiekt ochrony ludności,,Poznań,Poznań,wielkopolskie,52.4141570316414,16.9009114957085,"ul. Jana Henryka Dąbrowskiego 77A, Poznań",Na żądanie
OZO-A16A7A274AFD,Miejsce ochronne,Obiekt ochrony ludności,,Poznań,Poznań,wielkopolskie,52.3838668875478,16.9659328110143,"ul. Stare Żegrze 115a, Poznań",Na żądanie
OZO-9640C35E9B14,Miejsce ochronne,Obiekt ochrony ludności,,Poznań,Poznań,wielkopolskie,52.4125662,16.9285685,"ul. Solna 6, Poznań",Na żądanie
OZO-0E30484DA7AF,Miejsce ochronne,Obiekt ochrony ludności,,Poznań,Poznań,wielkopolskie,52.3611377531451,16.9072286615196,"ul. Dębina 20a, Poznań",Na żądanie
OZO-4510867443BB,Miejsce ochronne,Obiekt ochrony ludności,,Poznań,Poznań,wielkopolskie,52.4443771171406,16.8745291961891,"ul. Olgi Sławskiej-Lipczyńskiej 2, Poznań",Całodobowa
OZO-DE4F73B1EBE7,Miejsce ochronne,Obiekt ochrony ludności,,Czerwonak,pow. poznański,wielkopolskie,52.4478417571416,16.9979277301458,"Osiedle Leśne 25, Koziegłowy",Całodobowa
OZO-CEEE6435E93F,Miejsce ochronne,Obiekt ochrony ludności,,Poznań,Poznań,wielkopolskie,52.4497104139221,16.9175033561489,"ul. Bolesława Chrobrego 27, Poznań",Całodobowa
OZO-45DDE726B47E,Miejsce ochronne,Obiekt ochrony ludności,,Poznań,Poznań,wielkopolskie,52.4072367755554,16.8910235176688,"ul. Rokietnicka 8, Poznań",Na żądanie
OZO-F311E825B761,Miejsce ochronne,Obiekt ochrony ludności,,Poznań,Poznań,wielkopolskie,52.4104118334935,16.9789742817556,"ul. Krańcowa 56, Poznań",Na żądanie
OZO-7C9DBE2941E8,Miejsce ochronne,Obiekt ochrony ludności,,Poznań,Poznań,wielkopolskie,52.4632883708503,16.9206757577219,"ul. Stefana Batorego 75, Poznań",Na żądanie
OZO-356E23805C47,Miejsce ochronne,Obiekt ochrony ludności,,Poznań,Poznań,wielkopolskie,52.4443905454393,16.8678051593658,"ul. Tadeusza Mikke 8, Poznań",Całodobowa
OZO-BB00F816F52C,Miejsce ochronne,Obiekt ochrony ludności,,Poznań,Poznań,wielkopolskie,52.4120320641612,16.9412758978209,"ul. Szyperska 13, Poznań",Na żądanie
OZO-DFAD7153CAF6,Miejsce ochronne,Obiekt ochrony ludności,,Poznań,Poznań,wielkopolskie,52.4163163841361,16.9309871281723,"ul. Kutrzeby gen. Tadeusza 12B, Poznań",Na żądanie
OZO-7535D96FE744,Miejsce ochronne,Obiekt ochrony ludności,,Poznań,Poznań,wielkopolskie,52.3887082899849,16.8543020804368,"ul. Jawornicka 8, Poznań",Na żądanie
OZO-6A1ACCD1F6B0,Miejsce ochronne,Obiekt ochrony ludności,,Poznań,Poznań,wielkopolskie,52.462909696095,16.9195526219818,"ul. Stefana Batorego 73, Poznań",Całodobowa
OZO-1D3C15E5B1E6,Miejsce ochronne,Obiekt ochrony ludności,,Poznań,Poznań,wielkopolskie,52.3857428495199,16.8574957670695,"ul. Międzyborska 8, Poznań",Na żądanie
OZO-23090B05CC6A,Miejsce ochronne,Obiekt ochrony ludności,,Poznań,Poznań,wielkopolskie,52.4110407428215,16.8756018759607,"ul. Bukowska 118b, Poznań",Na żądanie
OZO-4A4684442AC6,Miejsce ochronne,Obiekt ochrony ludności,,Poznań,Poznań,wielkopolskie,52.4426881041578,16.894845657487,"ul. Jasielska 12F, Poznań",Całodobowa
OZO-65DC0EA463F7,Miejsce ochronne,Obiekt ochrony ludności,,Poznań,Poznań,wielkopolskie,52.4087058537942,16.8900145585301,"ul. Bukowska 70, Poznań",Całodobowa
OZO-7F349F85318F,Miejsce ochronne,Obiekt ochrony ludności,,Poznań,Poznań,wielkopolskie,52.3875877665733,16.8500956048905,"ul. Sieradzka 20, Poznań",Na żądanie
OZO-B89D8EE4B3D2,Miejsce ochronne,Obiekt ochrony ludności,,Poznań,Poznań,wielkopolskie,52.3885661485743,16.9800114697341,"ul. Chartowo 27, Poznań",Na żądanie
OZO-FE433AE315C2,Miejsce ochronne,Obiekt ochrony ludności,,Poznań,Poznań,wielkopolskie,52.3859535840076,16.8572314475128,"ul. Międzyborska 12, Poznań",Na żądanie
OZO-C04CBBFE3EF4,Miejsce ochronne,Obiekt ochrony ludności,,Poznań,Poznań,wielkopolskie,52.3819090533772,16.9640492329955,"ul. Stare Żegrze 95e, Poznań",Na żądanie
OZO-B4B38A138BF5,Miejsce ochronne,Obiekt ochrony ludności,,Poznań,Poznań,wielkopolskie,52.3967128438847,16.9632947607157,"ul. Katowicka 55B, Poznań",Całodobowa
OZO-E01FA41D0BE5,Miejsce ochronne,Obiekt ochrony ludności,,Poznań,Poznań,wielkopolskie,52.3916084510951,16.9998700650867,"ul. Żelazna 1, Poznań",Na żądanie
OZO-236150E25217,Miejsce ochronne,Obiekt ochrony ludności,,Poznań,Poznań,wielkopolskie,52.4132340234188,16.9631384857759,"ul. Małachowskiego Stanisława 6, Poznań",Na żądanie
OZO-47D06BCB3C91,Miejsce ochronne,Obiekt ochrony ludności,,Poznań,Poznań,wielkopolskie,52.4131870559879,16.9642152600197,"ul. Małachowskiego Stanisława 2, Poznań",Na żądanie
OZO-4DB311B782DF,Miejsce ochronne,Obiekt ochrony ludności,,Poznań,Poznań,wielkopolskie,52.4133065362385,16.9626878746611,"ul. Małachowskiego Stanisława 8, Poznań",Na żądanie
OZO-9EFEB7A645BA,Miejsce ochronne,Obiekt ochrony ludności,,Swarzędz,pow. poznański,wielkopolskie,52.3849665163466,17.0956192427139,"ul. Izabelin 60, Kruszewnia",Całodobowa
OZO-295990E504AE,Miejsce ochronne,Obiekt ochrony ludności,,Poznań,Poznań,wielkopolskie,52.4129267584557,16.9409870871146,"ul. Szyperska 13, Poznań",Na żądanie
OZO-F16DE5F44861,Miejsce ochronne,Obiekt ochrony ludności,,Poznań,Poznań,wielkopolskie,52.4298669600393,16.9545464667945,"ul. Wilczak 20, Poznań",Na żądanie
OZO-1544FAF08AEE,Miejsce ochronne,Obiekt ochrony ludności,,Poznań,Poznań,wielkopolskie,52.399282207785,16.9692338237291,"ul. Wołkowyska 4F, Poznań",Na żądanie
OZO-9D25A4AC10D3,Miejsce ochronne,Obiekt ochrony ludności,,Poznań,Poznań,wielkopolskie,52.3957691704172,16.9650842790852,"ul. Katowicka 77E, Poznań",Na żądanie
OZO-3EA0C30E9F74,Miejsce ochronne,Obiekt ochrony ludności,,Poznań,Poznań,wielkopolskie,52.4550205249545,16.942317838288,"ul. Błażeja 11D, Poznań",Całodobowa
OZO-BF4AED147949,Miejsce ochronne,Obiekt ochrony ludności,,Poznań,Poznań,wielkopolskie,52.3931524305414,16.8880710419426,"ul. Józefa Chociszewskiego 41, Poznań",Na żądanie
OZO-5110E1A67763,Miejsce ochronne,Obiekt ochrony ludności,,Poznań,Poznań,wielkopolskie,52.4108821801139,16.8828001228293,"ul. Bukowska 67a, Poznań",Na żądanie
OZO-894DDF102291,Miejsce ochronne,Obiekt ochrony ludności,,Poznań,Poznań,wielkopolskie,52.4173687223426,16.8840615157429,"ul. Jana Henryka Dąbrowskiego 159, Poznań",Na żądanie
OZO-C65179D96C05,Miejsce ochronne,Obiekt ochrony ludności,,Poznań,Poznań,wielkopolskie,52.4439076807948,16.9526069738127,"ul. Karpia 22D, Poznań",Całodobowa
OZO-3BD491D11166,Miejsce ochronne,Obiekt ochrony ludności,,Poznań,Poznań,wielkopolskie,52.4157696270507,16.9315669954925,"ul. Kutrzeby gen. Tadeusza 10, Poznań",Określone godziny
OZO-1D0CFF9AA913,Miejsce ochronne,Obiekt ochrony ludności,,Poznań,Poznań,wielkopolskie,52.4294912473226,16.9525770535719,"ul. Wilczak 16, Poznań",Na żądanie
OZO-E12640229838,Miejsce ochronne,Obiekt ochrony ludności,,Poznań,Poznań,wielkopolskie,52.4039865466155,16.9489847981476,"ul. Piotrowo 2, Poznań",Na żądanie
OZO-394596EBD781,Miejsce ochronne,Obiekt ochrony ludności,,Poznań,Poznań,wielkopolskie,52.3948591213649,16.9866687511032,"ul. abpa Walentego Dymka 200, Poznań",Całodobowa
OZO-99CD45EDCBFF,Miejsce ochronne,Obiekt ochrony ludności,,Poznań,Poznań,wielkopolskie,52.3840597096756,16.9652655613447,"ul. Stare Żegrze 117, Poznań",Na żądanie
OZO-E34BABFB4189,Miejsce ochronne,Obiekt ochrony ludności,,Tarnowo Podgórne,pow. poznański,wielkopolskie,52.4275233937602,16.784077519476,"ul. Rynkowa 92, Przeźmierowo",Na żądanie
OZO-F47E3D1BE9DD,Miejsce ochronne,Obiekt ochrony ludności,,Poznań,Poznań,wielkopolskie,52.42522341447883,16.945564895868305,"ul. Przełajowa 4, Poznań",Na żądanie
OZO-3B73F73C988C,Miejsce ochronne,Obiekt ochrony ludności,,Poznań,Poznań,wielkopolskie,52.388673850398916,16.857793629169468,"ul. Smardzewska 6, Poznań",Całodobowa
OZO-9761562FBFFF,Miejsce ochronne,Obiekt ochrony ludności,,Poznań,Poznań,wielkopolskie,52.4229229931221,16.9659297099864,"ul. Smolna 13, Poznań",Na żądanie
OZO-48A99F6BB968,Miejsce ochronne,Obiekt ochrony ludności,,Poznań,Poznań,wielkopolskie,52.4022971864695,16.9424029177335,"ul. Mostowa 19a, Poznań",Na żądanie
OZO-571B54776D69,Miejsce ochronne,Obiekt ochrony ludności,,Poznań,Poznań,wielkopolskie,52.3842807678118,16.9674288543068,"ul. Stare Żegrze 143, Poznań",Na żądanie
OZO-767E9E86205E,Miejsce ochronne,Obiekt ochrony ludności,,Poznań,Poznań,wielkopolskie,52.4002098,16.8914477,"ul. Wojskowa 9G, Poznań",Całodobowa
OZO-D06785ACDCBB,Miejsce ochronne,Obiekt ochrony ludności,,Poznań,Poznań,wielkopolskie,52.4122317869613,16.9085922194946,"ul. Jana Henryka Dąbrowskiego 29C, Poznań",Na żądanie
OZO-D068CAECBC73,Miejsce ochronne,Obiekt ochrony ludności,,Poznań,Poznań,wielkopolskie,52.4627194254194,16.9280300104016,"ul. Stefana Batorego 41, Poznań",Całodobowa
OZO-A5DB7149A071,Miejsce ochronne,Obiekt ochrony ludności,,Poznań,Poznań,wielkopolskie,52.4011794980453,16.9411984569106,"ul. Mostowa 19h, Poznań",Na żądanie
OZO-CBC3F4AD5A71,Miejsce ochronne,Obiekt ochrony ludności,,Poznań,Poznań,wielkopolskie,52.4620657760974,16.9226426869534,"ul. Stefana Batorego 57b, Poznań",Całodobowa
OZO-F11FDB6BE8B0,Miejsce ochronne,Obiekt ochrony ludności,,Poznań,Poznań,wielkopolskie,52.3714172559039,16.9486214693977,"ul. Unii Lubelskiej 12, Poznań",Całodobowa
OZO-BC8DFBDABCB1,Miejsce ochronne,Obiekt ochrony ludności,,Poznań,Poznań,wielkopolskie,52.3842257476624,16.9659004905105,"ul. Stare Żegrze 131, Poznań",Na żądanie
OZO-43EB6070489B,Miejsce ochronne,Obiekt ochrony ludności,,Poznań,Poznań,wielkopolskie,52.4051449471353,16.9278962424856,"ul. Piekary 5, Poznań",Na żądanie
OZO-59F53D661688,Miejsce ochronne,Obiekt ochrony ludności,,Poznań,Poznań,wielkopolskie,52.3937712387669,16.8733184469589,"ul. Macieja Palacza 122a, Poznań",Całodobowa
OZO-93344E305400,Miejsce ochronne,Obiekt ochrony ludności,,Poznań,Poznań,wielkopolskie,52.4019748265443,16.9420312827816,"ul. Mostowa 19c, Poznań",Na żądanie
OZO-1E4A7EA11980,Miejsce ochronne,Obiekt ochrony ludności,,Poznań,Poznań,wielkopolskie,52.4640987661928,16.9196472187292,"ul. Stefana Batorego 80A, Poznań",Całodobowa
OZO-207B2A667FDA,Miejsce ochronne,Obiekt ochrony ludności,,Poznań,Poznań,wielkopolskie,52.4245654178156,16.9789597704169,"ul. Sucha 31, Poznań",Na żądanie
OZO-BC9AE7289946,Miejsce ochronne,Obiekt ochrony ludności,,Poznań,Poznań,wielkopolskie,52.3886743245594,16.8658277750322,"ul. Jugosłowiańska 54g, Poznań",Na żądanie
OZO-4B5C7ADC3E1C,Miejsce ochronne,Obiekt ochrony ludności,,Poznań,Poznań,wielkopolskie,52.462403483407,16.9276446594079,"ul. Stefana Batorego 41, Poznań",Całodobowa
OZO-4BD174178D30,Miejsce ochronne,Obiekt ochrony ludności,,Poznań,Poznań,wielkopolskie,52.4561481119932,16.902670835662,"ul. Franciszka Stróżyńskiego 15D, Poznań",Całodobowa
OZO-BB790A67234D,Miejsce ochronne,Obiekt ochrony ludności,,Poznań,Poznań,wielkopolskie,52.4099158132696,16.978884756578,"ul. Krańcowa 60, Poznań",Na żądanie
OZO-0A3BA3F54F2F,Miejsce ochronne,Obiekt ochrony ludności,,Poznań,Poznań,wielkopolskie,52.3967300040632,16.9571200278388,"ul. Andrzeja Sobczaka 1, Poznań",Całodobowa
OZO-65BA83B0C1B6,Miejsce ochronne,Obiekt ochrony ludności,,Poznań,Poznań,wielkopolskie,52.3846079280528,16.9676638753003,"ul. Stare Żegrze 146, Poznań",Na żądanie
OZO-93570157CC1B,Miejsce ochronne,Obiekt ochrony ludności,,Poznań,Poznań,wielkopolskie,52.3994232812632,16.9462772551844,"ul. św. Rocha 19c, Poznań",Na żądanie
OZO-5B05871CEDA9,Miejsce ochronne,Obiekt ochrony ludności,,Poznań,Poznań,wielkopolskie,52.3898843780113,16.8611741423892,"ul. Smardzewska 16B, Poznań",Na żądanie
OZO-CB7F93534584,Miejsce ochronne,Obiekt ochrony ludności,,Poznań,Poznań,wielkopolskie,52.40626753,16.91673773,"ul. Towarowa 55, Poznań",Określone godziny
OZO-275288FF5BF3,Miejsce ochronne,Obiekt ochrony ludności,,Poznań,Poznań,wielkopolskie,52.4625279447242,16.9189136601756,"ul. Stefana Batorego 73, Poznań",Całodobowa
OZO-72B9837E504A,Miejsce ochronne,Obiekt ochrony ludności,,Poznań,Poznań,wielkopolskie,52.4014830664831,16.9415256863953,"ul. Mostowa 19, Poznań",Na żądanie
OZO-1F7188AAD63B,Miejsce ochronne,Obiekt ochrony ludności,,Poznań,Poznań,wielkopolskie,52.39947669,16.9601407,"ul. Polanka 25, Poznań",Całodobowa
OZO-6D48A844C6E7,Miejsce ochronne,Obiekt ochrony ludności,,Poznań,Poznań,wielkopolskie,52.4211021329298,16.9170686413077,"ul. Drzymały Michała 26B, Poznań",Na żądanie
OZO-2153FCCC09F4,Miejsce ochronne,Obiekt ochrony ludności,,Poznań,Poznań,wielkopolskie,52.3952213043449,16.9445964797784,"ul. Piastowskie 20, Poznań",Całodobowa
OZO-53A443148AD4,Miejsce ochronne,Obiekt ochrony ludności,,Poznań,Poznań,wielkopolskie,52.4125791371632,16.9391323662234,"ul. Garbary 100, Poznań",Na żądanie
OZO-0F33375654BA,Miejsce ochronne,Obiekt ochrony ludności,,Poznań,Poznań,wielkopolskie,52.4016000900306,16.9533602375039,"ul. Jana Pawła II 26, Poznań",Na żądanie
OZO-7E3FCCB10875,Miejsce ochronne,Obiekt ochrony ludności,,Poznań,Poznań,wielkopolskie,52.4301201630338,16.9535068004414,"ul. Wilczak 20, Poznań",Na żądanie
OZO-3EBDFF971045,Miejsce ochronne,Obiekt ochrony ludności,,Poznań,Poznań,wielkopolskie,52.3851468424811,16.9671996855024,"ul. Stare Żegrze 150, Poznań",Na żądanie
OZO-C1410D185555,Miejsce ochronne,Obiekt ochrony ludności,,Poznań,Poznań,wielkopolskie,52.4008625417263,16.9375565867634,"ul. Kazimierza Wielkiego 5, Poznań",Na żądanie
OZO-0CA18DAEE061,Miejsce ochronne,Obiekt ochrony ludności,,Poznań,Poznań,wielkopolskie,52.3969188950143,16.9588643821021,"ul. Andrzeja Sobczaka 1, Poznań",Całodobowa
OZO-BF53D1DDB7E0,Miejsce ochronne,Obiekt ochrony ludności,,Poznań,Poznań,wielkopolskie,52.3989040999991,16.9558787999997,"ul. Sowia 1, Poznań",Całodobowa
OZO-06B44D50A43D,Miejsce ochronne,Obiekt ochrony ludności,,Poznań,Poznań,wielkopolskie,52.3814891535025,16.9642475129235,"ul. Stare Żegrze 95b, Poznań",Na żądanie
OZO-0D57B3024629,Miejsce ochronne,Obiekt ochrony ludności,,Poznań,Poznań,wielkopolskie,52.4097791185648,16.9232382797279,"pl. Ratajskiego Cyryla 4a, Poznań",Na żądanie
OZO-CFCD1B98B7E0,Miejsce ochronne,Obiekt ochrony ludności,,Poznań,Poznań,wielkopolskie,52.3808873010582,16.8865253473353,"ul. Metalowa 5, Poznań",Na żądanie
OZO-B96AE86F579C,Miejsce ochronne,Obiekt ochrony ludności,,Poznań,Poznań,wielkopolskie,52.3606511685971,16.9033964441872,"ul. 28 Czerwca 1956 r. 398, Poznań",Na żądanie
OZO-29EB7D98420A,Miejsce ochronne,Obiekt ochrony ludności,,Poznań,Poznań,wielkopolskie,52.3863630566683,16.8869395260173,"ul. Kosynierska 15, Poznań",Na żądanie
OZO-1026CD5FEE98,Miejsce ochronne,Obiekt ochrony ludności,,Swarzędz,pow. poznański,wielkopolskie,52.3860565246691,17.0950164908041,"ul. Izabelin 46, Kruszewnia",Całodobowa
OZO-03748B9E04C2,Miejsce ochronne,Obiekt ochrony ludności,,Poznań,Poznań,wielkopolskie,52.4215305603531,16.9137646129436,"ul. Drzymały Michała 14A, Poznań",Na żądanie
OZO-33D9A0C647EE,Miejsce ochronne,Obiekt ochrony ludności,,Swarzędz,pow. poznański,wielkopolskie,52.3895084376212,17.0759935438217,"ul. Kórnicka 194A, Zalasewo",Całodobowa
OZO-C8C30913536D,Miejsce ochronne,Obiekt ochrony ludności,,Swarzędz,pow. poznański,wielkopolskie,52.3854332676883,17.0950050168198,"ul. Izabelin 48, Kruszewnia",Całodobowa
OZO-F804938A7ECC,Miejsce ochronne,Obiekt ochrony ludności,,Poznań,Poznań,wielkopolskie,52.4018005428255,16.9418529158804,"ul. Mostowa 19d, Poznań",Na żądanie
OZO-C2CF571CE39A,Miejsce ochronne,Obiekt ochrony ludności,,Poznań,Poznań,wielkopolskie,52.4626977726741,16.9007043236027,"ul. Teofila Mateckiego 20B, Poznań",Całodobowa
OZO-953765E288BB,Miejsce ochronne,Obiekt ochrony ludności,,Poznań,Poznań,wielkopolskie,52.3991045899997,16.9308075319623,"ul. Królowej Jadwigi 43, Poznań",Na żądanie
OZO-0040CBD24230,Miejsce ochronne,Obiekt ochrony ludności,,Poznań,Poznań,wielkopolskie,52.381943716691,16.9645845221402,"ul. Stare Żegrze 95g, Poznań",Na żądanie
OZO-9386F9C9D1BC,Miejsce ochronne,Obiekt ochrony ludności,,Poznań,Poznań,wielkopolskie,52.4620797990533,16.9236863193268,"ul. Stefana Batorego 52, Poznań",Całodobowa
OZO-D5047C4B9567,Miejsce ochronne,Obiekt ochrony ludności,,Poznań,Poznań,wielkopolskie,52.4617654986823,16.9211122736943,"ul. Stefana Batorego 59c, Poznań",Całodobowa
OZO-EB02280C0DF0,Miejsce ochronne,Obiekt ochrony ludności,,Poznań,Poznań,wielkopolskie,52.3808735635759,16.9523006328059,"ul. Armii Krajowej 81, Poznań",Na żądanie
OZO-3E2E2C63A0DD,Miejsce ochronne,Obiekt ochrony ludności,,Poznań,Poznań,wielkopolskie,52.380615281447,16.951233948081,"ul. Armii Krajowej 66, Poznań",Na żądanie
OZO-13E771B5B8C6,Miejsce ochronne,Obiekt ochrony ludności,,Poznań,Poznań,wielkopolskie,52.3816681292049,16.9640600620492,"ul. Stare Żegrze 95c, Poznań",Na żądanie
OZO-0BE42D9BC1CA,Miejsce ochronne,Obiekt ochrony ludności,,Poznań,Poznań,wielkopolskie,52.4108971873856,16.8932903264192,"ul. Maksymiliana Jackowskiego 47B, Poznań",Na żądanie
OZO-5FC1CF484FDB,Miejsce ochronne,Obiekt ochrony ludności,,Poznań,Poznań,wielkopolskie,52.4116560641569,16.9643874056947,"ul. Michała św. 29, Poznań",Na żądanie
OZO-31042EEAB143,Miejsce ochronne,Obiekt ochrony ludności,,Poznań,Poznań,wielkopolskie,52.3805092494978,16.951275841628,"ul. Armii Krajowej 65, Poznań",Na żądanie
OZO-2FD11D874E58,Miejsce ochronne,Obiekt ochrony ludności,,Poznań,Poznań,wielkopolskie,52.4590709494186,16.9437185381287,"ul. Błażeja 10, Poznań",Na żądanie
OZO-F5D8365B9E1F,Miejsce ochronne,Obiekt ochrony ludności,,Poznań,Poznań,wielkopolskie,52.3978506500153,16.9459240420047,"ul. św. Rocha 19o, Poznań",Na żądanie
OZO-BDD34744BE35,Miejsce ochronne,Obiekt ochrony ludności,,Poznań,Poznań,wielkopolskie,52.3807331636952,16.9512073814489,"ul. Armii Krajowej 67, Poznań",Na żądanie
OZO-F63ED26FEE5D,Miejsce ochronne,Obiekt ochrony ludności,,Poznań,Poznań,wielkopolskie,52.3808179888726,16.9517294500311,"ul. Armii Krajowej 74, Poznań",Na żądanie
OZO-71A58130EE51,Miejsce ochronne,Obiekt ochrony ludności,,Poznań,Poznań,wielkopolskie,52.4105619464119,16.8774357051018,"ul. Jutrzenka 8, Poznań",Na żądanie
OZO-2310247F16F7,Miejsce ochronne,Obiekt ochrony ludności,,Poznań,Poznań,wielkopolskie,52.3818096129036,16.9638785423572,"ul. Stare Żegrze 95d, Poznań",Na żądanie
OZO-9442DDA2B069,Miejsce ochronne,Obiekt ochrony ludności,,Swarzędz,pow. poznański,wielkopolskie,52.4125226503611,17.0697339628231,"ul. Kosynierów 1, Swarzędz",Określone godziny
OZO-CFC92FBFEDAD,Miejsce ochronne,Obiekt ochrony ludności,,Poznań,Poznań,wielkopolskie,52.4319603953635,16.9147963296602,"ul. Piątkowska 116, Poznań",Całodobowa
OZO-431808F2832C,Miejsce ochronne,Obiekt ochrony ludności,,Poznań,Poznań,wielkopolskie,52.4303362242531,16.9547645419077,"ul. Wilczak 20, Poznań",Na żądanie
OZO-A22E525A9B5B,Miejsce ochronne,Obiekt ochrony ludności,,Poznań,Poznań,wielkopolskie,52.3902875154655,16.9504380139421,"ul. Jagiellońskie 97, Poznań",Na żądanie
OZO-5F4773600D84,Miejsce ochronne,Obiekt ochrony ludności,,Poznań,Poznań,wielkopolskie,52.3817653627081,16.9647594816789,"ul. Stare Żegrze 95i, Poznań",Na żądanie
OZO-BBFD21F71E53,Miejsce ochronne,Obiekt ochrony ludności,,Poznań,Poznań,wielkopolskie,52.4156871919798,16.8818739120969,"ul. Nowy Świat 2, Poznań",Na żądanie
OZO-02283EF93B41,Miejsce ochronne,Obiekt ochrony ludności,,Poznań,Poznań,wielkopolskie,52.41140101,16.93769898,"ul. Małe Garbary 9, Poznań",Na żądanie
OZO-062B6BCFB87C,Miejsce ochronne,Obiekt ochrony ludności,,Poznań,Poznań,wielkopolskie,52.4004152740814,16.952210672091,"ul. Jana Pawła II 28, Poznań",Całodobowa
OZO-D1779BB56B07,Miejsce ochronne,Obiekt ochrony ludności,,Poznań,Poznań,wielkopolskie,52.3826842393646,16.9646507487468,"ul. Stare Żegrze 96a, Poznań",Na żądanie
OZO-748ACE9E9667,Miejsce ochronne,Obiekt ochrony ludności,,Poznań,Poznań,wielkopolskie,52.4144847740314,16.9081081164276,"ul. Mylna 21, Poznań",Na żądanie
OZO-41D48D594171,Miejsce ochronne,Obiekt ochrony ludności,,Poznań,Poznań,wielkopolskie,52.4004919781918,16.9378617897993,"ul. Kazimierza Wielkiego 5, Poznań",Na żądanie
OZO-979D802CE849,Miejsce ochronne,Obiekt ochrony ludności,,Poznań,Poznań,wielkopolskie,52.3957412358366,16.9457925377897,"ul. Piastowskie 11, Poznań",Całodobowa
OZO-73EC2F41AF6A,Miejsce ochronne,Obiekt ochrony ludności,,Poznań,Poznań,wielkopolskie,52.3820701283286,16.9643707401869,"ul. Stare Żegrze 95f, Poznań",Na żądanie
OZO-04B235D188D7,Miejsce ochronne,Obiekt ochrony ludności,,Swarzędz,pow. poznański,wielkopolskie,52.3861732265779,17.094851406933,"ul. Izabelin 44, Kruszewnia",Całodobowa
OZO-A98DC765C1E9,Miejsce ochronne,Obiekt ochrony ludności,,Poznań,Poznań,wielkopolskie,52.3766799396475,16.9606584057697,"ul. Orła Białego 33, Poznań",Na żądanie
OZO-38B0BF693837,Miejsce ochronne,Obiekt ochrony ludności,,Poznań,Poznań,wielkopolskie,52.3768755363321,16.8653609660359,"ul. Kopanina 34, Poznań",Na żądanie
OZO-DD2C0CD3B4A3,Miejsce ochronne,Obiekt ochrony ludności,,Poznań,Poznań,wielkopolskie,52.4638037167764,16.9184944039563,"ul. Stefana Batorego 79A, Poznań",Całodobowa
OZO-71353C245B45,Miejsce ochronne,Obiekt ochrony ludności,,Poznań,Poznań,wielkopolskie,52.4421645293208,16.9269093856806,"ul. Zwycięstwa 8, Poznań",Całodobowa
OZO-B36232E0A61C,Miejsce ochronne,Obiekt ochrony ludności,,Poznań,Poznań,wielkopolskie,52.4157658297461,16.8762451887702,"ul. Piękna 36b, Poznań",Na żądanie
OZO-1BB45032B8B1,Miejsce ochronne,Obiekt ochrony ludności,,Poznań,Poznań,wielkopolskie,52.4156894499509,16.8755633555704,"ul. Piękna 37, Poznań",Na żądanie
OZO-5996741AB90A,Miejsce ochronne,Obiekt ochrony ludności,,Poznań,Poznań,wielkopolskie,52.4157259367851,16.8811090299552,"ul. Szpitalna 11, Poznań",Na żądanie
OZO-DD646A3C9854,Miejsce ochronne,Obiekt ochrony ludności,,Poznań,Poznań,wielkopolskie,52.3847364837055,16.9650948673244,"ul. Stare Żegrze 127, Poznań",Na żądanie
OZO-7643D1121537,Miejsce ochronne,Obiekt ochrony ludności,,Poznań,Poznań,wielkopolskie,52.3864407988202,16.8866988815771,"ul. Kosynierska 17, Poznań",Na żądanie
OZO-94B122207A68,Miejsce ochronne,Obiekt ochrony ludności,,Poznań,Poznań,wielkopolskie,52.3878043249193,16.9114582691861,"ul. Jana Umińskiego 15, Poznań",Na żądanie
OZO-7E76C533E3D5,Miejsce ochronne,Obiekt ochrony ludności,,Poznań,Poznań,wielkopolskie,52.4214796965566,16.9172355579125,"ul. Drzymały Michała 26A, Poznań",Na żądanie
OZO-3DE9DE396026,Miejsce ochronne,Obiekt ochrony ludności,,Poznań,Poznań,wielkopolskie,52.4006929180909,16.9382367978347,"ul. Kazimierza Wielkiego 5, Poznań",Na żądanie
OZO-7A2076CA2F5F,Miejsce ochronne,Obiekt ochrony ludności,,Poznań,Poznań,wielkopolskie,52.4168686294215,16.9303154894105,"ul. gen. Tadeusza Kutrzeby 16G, Poznań",Na żądanie
OZO-26521FD27B92,Miejsce ochronne,Obiekt ochrony ludności,,Poznań,Poznań,wielkopolskie,52.4134879817628,16.901099966891,"ul. Jana Henryka Dąbrowskiego 75, Poznań",Na żądanie
OZO-3EBD1CDD99F8,Miejsce ochronne,Obiekt ochrony ludności,,Poznań,Poznań,wielkopolskie,52.3776810305812,16.947622262159,"ul. Wagrowska 12, Poznań",Na żądanie
OZO-BBF30E5DE584,Miejsce ochronne,Obiekt ochrony ludności,,Poznań,Poznań,wielkopolskie,52.3842162355411,16.9646794482523,"ul. Stare Żegrze 120, Poznań",Na żądanie
OZO-B67C6E9D627A,Miejsce ochronne,Obiekt ochrony ludności,,Poznań,Poznań,wielkopolskie,52.42089108,16.88791552,"ul. Zofii Nałkowskiej 59, Poznań",Całodobowa
OZO-22841BF3CC98,Miejsce ochronne,Obiekt ochrony ludności,,Poznań,Poznań,wielkopolskie,52.4495519762583,16.9114696917612,"ul. Bolesława Chrobrego 47, Poznań",Całodobowa
OZO-4928DCCE46C1,Miejsce ochronne,Obiekt ochrony ludności,,Poznań,Poznań,wielkopolskie,52.3806041057042,16.9107607879466,"ul. 28 Czerwca 1956 r. 222, Poznań",Na żądanie
OZO-F79ECA00506E,Miejsce ochronne,Obiekt ochrony ludności,,Tarnowo Podgórne,pow. poznański,wielkopolskie,52.4273249967876,16.7857494962117,"ul. Rynkowa 73B, Przeźmierowo",Na żądanie
OZO-55664C125994,Miejsce ochronne,Obiekt ochrony ludności,,Swarzędz,pow. poznański,wielkopolskie,52.3982193517571,17.0516894371562,"ul. Teofila Kaczorowskiego 15, Swarzędz",Całodobowa
OZO-F19A37829DC0,Miejsce ochronne,Obiekt ochrony ludności,,Poznań,Poznań,wielkopolskie,52.4155711086056,16.8833094318333,"ul. Nowy Świat 5, Poznań",Na żądanie
OZO-D050E2C5A5CD,Miejsce ochronne,Obiekt ochrony ludności,,Poznań,Poznań,wielkopolskie,52.442595430365,16.8688655121564,"ul. Elżbiety Zawackiej 13, Poznań",Całodobowa
OZO-FCE3DEB66724,Miejsce ochronne,Obiekt ochrony ludności,,Poznań,Poznań,wielkopolskie,52.4082215979541,16.9437666053444,"ul. Tylne Chwaliszewo 25, Poznań",Na żądanie
OZO-B48883F975FA,Miejsce ochronne,Obiekt ochrony ludności,,Poznań,Poznań,wielkopolskie,52.461142657312,16.9236915126982,"ul. Stefana Batorego 32, Poznań",Całodobowa
OZO-3D0E336571E3,Miejsce ochronne,Obiekt ochrony ludności,,Swarzędz,pow. poznański,wielkopolskie,52.3984803891517,17.0519160838204,"ul. Teofila Kaczorowskiego 17, Swarzędz",Całodobowa
OZO-B1EBB1DAC1A5,Miejsce ochronne,Obiekt ochrony ludności,,Poznań,Poznań,wielkopolskie,52.3994232812632,16.9462772551844,"ul. św. Rocha 19c, Poznań",Na żądanie
OZO-A6FABEE11F16,Miejsce ochronne,Obiekt ochrony ludności,,Poznań,Poznań,wielkopolskie,52.3789563806058,16.8702040347915,"ul. Józefa Hallera 6/8, Poznań",Na żądanie
OZO-88A18C47396A,Miejsce ochronne,Obiekt ochrony ludności,,Poznań,Poznań,wielkopolskie,52.456152729607,16.9440471087334,"ul. Błażeja 10A, Poznań",Na żądanie
OZO-3EAC6C261E46,Miejsce ochronne,Obiekt ochrony ludności,,Poznań,Poznań,wielkopolskie,52.3885661485743,16.9800114697341,"ul. Chartowo 27, Poznań",Całodobowa
OZO-916C08653463,Miejsce ochronne,Obiekt ochrony ludności,,Poznań,Poznań,wielkopolskie,52.4232286502493,16.9479093194447,"ul. Szelągowska 30, Poznań",Na żądanie
OZO-6C4EAF2066DC,Miejsce ochronne,Obiekt ochrony ludności,,Poznań,Poznań,wielkopolskie,52.3777770937368,16.9610082250857,"ul. Orła Białego 7, Poznań",Na żądanie
OZO-759B8652978D,Miejsce ochronne,Obiekt ochrony ludności,,Poznań,Poznań,wielkopolskie,52.42306273238408,16.970808506011966,"ul. Mariacka 30, Poznań",Na żądanie
OZO-829B5A3FCB4D,Miejsce ochronne,Obiekt ochrony ludności,,Czerwonak,pow. poznański,wielkopolskie,52.4530481564585,16.9956702306807,"Osiedle Leśne 4H, Koziegłowy",Na żądanie
OZO-C914C0E827B0,Miejsce ochronne,Obiekt ochrony ludności,,Poznań,Poznań,wielkopolskie,52.4629207105425,16.9191406346684,"ul. Stefana Batorego 73, Poznań",Całodobowa
OZO-1B8CC87AE346,Miejsce ochronne,Obiekt ochrony ludności,,Poznań,Poznań,wielkopolskie,52.3609064456125,16.9036230014751,"ul. 28 Czerwca 1956 r. 398, Poznań",Na żądanie
OZO-3ED44C6F588A,Miejsce ochronne,Obiekt ochrony ludności,,Poznań,Poznań,wielkopolskie,52.4345677356421,16.9458548424843,"ul. Czarna Rola 4, Poznań",Określone godziny
OZO-DFC4676712FB,Miejsce ochronne,Obiekt ochrony ludności,,Poznań,Poznań,wielkopolskie,52.4623311321594,16.9286923832437,"ul. Stefana Batorego 41A, Poznań",Całodobowa
OZO-8B3A23E370CF,Miejsce ochronne,Obiekt ochrony ludności,,Poznań,Poznań,wielkopolskie,52.3781164817417,16.8770626265913,"ul. Stęszewska 18, Poznań",Na żądanie
OZO-2767CA43A8E7,Miejsce ochronne,Obiekt ochrony ludności,,Poznań,Poznań,wielkopolskie,52.4558880183783,16.9029746207587,"ul. Franciszka Stróżyńskiego 15B, Poznań",Całodobowa
OZO-638947DA1800,Miejsce ochronne,Obiekt ochrony ludności,,Poznań,Poznań,wielkopolskie,52.3916265999991,16.8585246999997,"ul. Grunwaldzka 182, Poznań",Na żądanie
OZO-BFAE9DC94999,Miejsce ochronne,Obiekt ochrony ludności,,Poznań,Poznań,wielkopolskie,52.3898130291457,16.9522827718662,"ul. Jagiellońskie 122, Poznań",Na żądanie
OZO-46E554ED0B85,Miejsce ochronne,Obiekt ochrony ludności,,Luboń,pow. poznański,wielkopolskie,52.3427893999991,16.8986954999997,"ul. Jachtowa 11, Luboń",Całodobowa
OZO-90173123250C,Miejsce ochronne,Obiekt ochrony ludności,,Poznań,Poznań,wielkopolskie,52.4483324098417,16.9173078040251,"ul. Bolesława Chrobrego 30, Poznań",Całodobowa
OZO-6D112BBA5D3F,Miejsce ochronne,Obiekt ochrony ludności,,Poznań,Poznań,wielkopolskie,52.39282996,16.98158589,"ul. Rusa 11, Poznań",Całodobowa
OZO-054F719A2158,Miejsce ochronne,Obiekt ochrony ludności,,Poznań,Poznań,wielkopolskie,52.405420145577,16.9219919125968,"ul. Stanisława Taczaka 9, Poznań",Na żądanie
OZO-05F5E3B04674,Miejsce ochronne,Obiekt ochrony ludności,,Poznań,Poznań,wielkopolskie,52.4021759,16.958558,"ul. abpa Antoniego Baraniaka 6, Poznań",Określone godziny
OZO-EBECEB73CA7B,Miejsce ochronne,Obiekt ochrony ludności,,Poznań,Poznań,wielkopolskie,52.3908467836999,16.9519858812703,"ul. Jagiellońskie 118, Poznań",Na żądanie
OZO-777A813DA03E,Miejsce ochronne,Obiekt ochrony ludności,,Poznań,Poznań,wielkopolskie,52.3940099424924,16.9556748814491,"ul. Jagiellońskie 25, Poznań",Całodobowa
OZO-731178BBAF36,Miejsce ochronne,Obiekt ochrony ludności,,Poznań,Poznań,wielkopolskie,52.3904336428945,17.0005318798858,"ul. Żelazna 16a, Poznań",Całodobowa
OZO-01A38A069C9C,Miejsce ochronne,Obiekt ochrony ludności,,Poznań,Poznań,wielkopolskie,52.4557572102434,16.9420866653985,"ul. Błażeja 11A, Poznań",Całodobowa
OZO-5678DEE5E472,Miejsce ochronne,Obiekt ochrony ludności,,Swarzędz,pow. poznański,wielkopolskie,52.3846743769442,17.0872263056684,"ul. Serdeczna 29, Zalasewo",Na żądanie
OZO-FBCE069527AC,Miejsce ochronne,Obiekt ochrony ludności,,Poznań,Poznań,wielkopolskie,52.42070575,16.8889613,"ul. Zofii Nałkowskiej 55, Poznań",Na żądanie
OZO-F766FC0DA6FA,Miejsce ochronne,Obiekt ochrony ludności,,Poznań,Poznań,wielkopolskie,52.39033222387,16.9521597627858,"ul. Jagiellońskie 114, Poznań",Całodobowa
OZO-9B621CA4AEA8,Miejsce ochronne,Obiekt ochrony ludności,,Poznań,Poznań,wielkopolskie,52.3801670347433,16.9105588921351,"ul. 28 Czerwca 1956 r. 223-229, Poznań",Na żądanie
OZO-2A3F8ADC118E,Miejsce ochronne,Obiekt ochrony ludności,,Poznań,Poznań,wielkopolskie,52.3763292945965,16.9607229106202,"ul. Orła Białego 36, Poznań",Na żądanie
OZO-3206712A1720,Miejsce ochronne,Obiekt ochrony ludności,,Poznań,Poznań,wielkopolskie,52.399047097377,16.9236811794917,"ul. Mieczysława Niedziałkowskiego 26, Poznań",Na żądanie
OZO-D97572F8951E,Miejsce ochronne,Obiekt ochrony ludności,,Poznań,Poznań,wielkopolskie,52.4081274107441,16.9423774727067,"ul. Czartoria 8d, Poznań",Na żądanie
OZO-F321D0415B1F,Miejsce ochronne,Obiekt ochrony ludności,,Swarzędz,pow. poznański,wielkopolskie,52.4146911844503,17.0777487437758,"ul. Zamkowa 31A, Swarzędz",Całodobowa
OZO-AC2888735D2D,Miejsce ochronne,Obiekt ochrony ludności,,Poznań,Poznań,wielkopolskie,52.376203226818,16.960883658622,"ul. Orła Białego 37, Poznań",Na żądanie
OZO-D37505CA1916,Miejsce ochronne,Obiekt ochrony ludności,,Poznań,Poznań,wielkopolskie,52.4317688834248,16.9346011087611,"ul. Murawa 33b, Poznań",Całodobowa
OZO-6C33D67963FE,Miejsce ochronne,Obiekt ochrony ludności,,Poznań,Poznań,wielkopolskie,52.4036091051445,16.892135801853,"ul. Wojskowa 11/13a, Poznań",Na żądanie
OZO-6FA693D0CAEE,Miejsce ochronne,Obiekt ochrony ludności,,Poznań,Poznań,wielkopolskie,52.3760157591367,16.9612309080824,"ul. Orła Białego 39, Poznań",Na żądanie
OZO-F7483C2AFCD7,Miejsce ochronne,Obiekt ochrony ludności,,Poznań,Poznań,wielkopolskie,52.4275960869223,16.9126286306884,"ul. Sokoła 37, Poznań",Na żądanie
OZO-09EEFE86189B,Miejsce ochronne,Obiekt ochrony ludności,,Poznań,Poznań,wielkopolskie,52.3910382451515,16.9148406263893,"ul. Władysława Sikorskiego 29, Poznań",Na żądanie
OZO-A82862DC1BAA,Miejsce ochronne,Obiekt ochrony ludności,,Poznań,Poznań,wielkopolskie,52.3972697706053,16.9321172265556,"ul. Maratońska 3E, Poznań",Na żądanie
OZO-7C0E88D53314,Miejsce ochronne,Obiekt ochrony ludności,,Poznań,Poznań,wielkopolskie,52.4430900897549,16.8685372448431,"ul. Żołnierzy Wyklętych 22, Poznań",Całodobowa
OZO-58E4FAC3C06C,Miejsce ochronne,Obiekt ochrony ludności,,Poznań,Poznań,wielkopolskie,52.3973817148961,16.9659945559473,"ul. Katowicka 71, Poznań",Całodobowa
OZO-5CB35AE9F818,Miejsce ochronne,Obiekt ochrony ludności,,Poznań,Poznań,wielkopolskie,52.4083009668929,16.9277000431388,"ul. Wolności 20, Poznań",Całodobowa
OZO-1ABAACC7B622,Miejsce ochronne,Obiekt ochrony ludności,,Poznań,Poznań,wielkopolskie,52.4276015261596,16.906074761377,"ul. Wołyńska 33, Poznań",Na żądanie
OZO-0F0A8063A5F9,Miejsce ochronne,Obiekt ochrony ludności,,Poznań,Poznań,wielkopolskie,52.4136696645131,16.895274823521,"ul. Galla Anonima 9a, Poznań",Na żądanie
OZO-C0FB3A7B9905,Miejsce ochronne,Obiekt ochrony ludności,,Poznań,Poznań,wielkopolskie,52.4268030113888,16.9238084167822,"ul. Starowiejska 5/17, Poznań",Na żądanie
OZO-D22EA799D964,Miejsce ochronne,Obiekt ochrony ludności,,Poznań,Poznań,wielkopolskie,52.4294848052922,16.9128178977002,"ul. Sokoła 57, Poznań",Na żądanie
OZO-F561C3024533,Miejsce ochronne,Obiekt ochrony ludności,,Poznań,Poznań,wielkopolskie,52.4240438360024,16.9285830708612,"ul. Za Cytadelą 122, Poznań",Na żądanie
OZO-D548A4908D20,Miejsce ochronne,Obiekt ochrony ludności,,Poznań,Poznań,wielkopolskie,52.4446574637123,16.8675224669139,"ul. Tadeusza Mikke 10, Poznań",Całodobowa
OZO-9E78349F9AE5,Miejsce ochronne,Obiekt ochrony ludności,,Poznań,Poznań,wielkopolskie,52.4611178547452,16.9045549600889,"ul. Jana III Sobieskiego 5, Poznań",Na żądanie
OZO-F928049A425D,Miejsce ochronne,Obiekt ochrony ludności,,Poznań,Poznań,wielkopolskie,52.3780701803823,16.9611476999411,"ul. Orła Białego 9, Poznań",Na żądanie
OZO-EFC8A7283C3D,Miejsce ochronne,Obiekt ochrony ludności,,Poznań,Poznań,wielkopolskie,52.3929874402393,17.0182556646696,"ul. Wilcza 21, Poznań",Całodobowa
OZO-1262126D267C,Miejsce ochronne,Obiekt ochrony ludności,,Poznań,Poznań,wielkopolskie,52.4421570324533,16.894186787904,"ul. Jasielska 12B, Poznań",Całodobowa
OZO-5B0D651AB6FA,Miejsce ochronne,Obiekt ochrony ludności,,Poznań,Poznań,wielkopolskie,52.4009886814286,16.962798264326,"ul. Lwowska 2, Poznań",Całodobowa
OZO-5D9AB71CA229,Miejsce ochronne,Obiekt ochrony ludności,,Swarzędz,pow. poznański,wielkopolskie,52.4106628905463,17.0782516097096,"ul. Rynek 34/35, Swarzędz",Na żądanie
OZO-F265C0DA80FE,Miejsce ochronne,Obiekt ochrony ludności,,Poznań,Poznań,wielkopolskie,52.3953213573555,16.9661599137916,"ul. Katowicka 89D, Poznań",Całodobowa
OZO-0DF4ABED2AFB,Miejsce ochronne,Obiekt ochrony ludności,,Poznań,Poznań,wielkopolskie,52.312394227978,16.9683887422869,"ul. Głuszyna 216a, Poznań",Na żądanie
OZO-2C3EB9F28DEA,Miejsce ochronne,Obiekt ochrony ludności,,Poznań,Poznań,wielkopolskie,52.4626525407997,16.927645586214,"ul. Stefana Batorego 41, Poznań",Całodobowa
OZO-3A5DA15E3BA9,Miejsce ochronne,Obiekt ochrony ludności,,Poznań,Poznań,wielkopolskie,52.4086623514,16.9413699561853,"ul. Chwaliszewo 7/8, Poznań",Na żądanie
OZO-2F00BCD8B370,Miejsce ochronne,Obiekt ochrony ludności,,Poznań,Poznań,wielkopolskie,52.4021548371748,16.9422391539618,"ul. Mostowa 19, Poznań",Na żądanie
OZO-C182458CE3DB,Miejsce ochronne,Obiekt ochrony ludności,,Poznań,Poznań,wielkopolskie,52.40829661167,16.9277148792314,"pl. Wolności 20, Poznań",Całodobowa
OZO-7640AE04105E,Miejsce ochronne,Obiekt ochrony ludności,,Poznań,Poznań,wielkopolskie,52.4440064731655,16.8962229689653,"ul. Jasielska 14A, Poznań",Całodobowa
OZO-FA5FCF956605,Miejsce ochronne,Obiekt ochrony ludności,,Poznań,Poznań,wielkopolskie,52.31263700192,16.9688141734472,"ul. Głuszyna 218, Poznań",Na żądanie
OZO-FF2CE29BF409,Miejsce ochronne,Obiekt ochrony ludności,,Poznań,Poznań,wielkopolskie,52.3875231958868,16.8631220966871,"ul. Galileusza 6a, Poznań",Na żądanie
OZO-99FD3BBEA8DB,Miejsce ochronne,Obiekt ochrony ludności,,Poznań,Poznań,wielkopolskie,52.3850189147752,16.9646273555426,"ul. Stare Żegrze 123, Poznań",Na żądanie
OZO-A437481B526B,Miejsce ochronne,Obiekt ochrony ludności,,Poznań,Poznań,wielkopolskie,52.4287179174376,16.9547629510482,"ul. Serbska 16B, Poznań",Całodobowa
OZO-C05016E0F0FB,Miejsce ochronne,Obiekt ochrony ludności,,Poznań,Poznań,wielkopolskie,52.4062325,16.95161609,"ul. Rychlewskiego Jacka 2, Poznań",Na żądanie
OZO-5E009ED75B7F,Miejsce ochronne,Obiekt ochrony ludności,,Poznań,Poznań,wielkopolskie,52.4483627627151,16.8918867602045,"ul. Strzeszyńska 67D, Poznań",Całodobowa
OZO-471D2B0D870B,Miejsce ochronne,Obiekt ochrony ludności,,Poznań,Poznań,wielkopolskie,52.3910385366822,16.9434340492027,"ul. Piastowskie 61, Poznań",Całodobowa
OZO-9C30B01EE414,Miejsce ochronne,Obiekt ochrony ludności,,Poznań,Poznań,wielkopolskie,52.4611733333333,16.8989433333333,"ul. Teofila Mateckiego 23A, Poznań",Na żądanie
OZO-99E23C8545BE,Miejsce ochronne,Obiekt ochrony ludności,,Poznań,Poznań,wielkopolskie,52.3946538066467,17.0176802002907,"ul. Wilcza 55, Poznań",Na żądanie
OZO-0F3FAA6B4FD4,Miejsce ochronne,Obiekt ochrony ludności,,Poznań,Poznań,wielkopolskie,52.39718804,16.96544748,"ul. Katowicka 67A, Poznań",Całodobowa
OZO-7533580E40CF,Miejsce ochronne,Obiekt ochrony ludności,,Poznań,Poznań,wielkopolskie,52.376094059289,16.9610685533666,"ul. Orła Białego 38, Poznań",Na żądanie
OZO-3C3583876207,Miejsce ochronne,Obiekt ochrony ludności,,Poznań,Poznań,wielkopolskie,52.4434067117966,16.8954413490051,"ul. Jasielska 14C, Poznań",Całodobowa
OZO-74870426E6D3,Miejsce ochronne,Obiekt ochrony ludności,,Poznań,Poznań,wielkopolskie,52.455630853053,16.9427598998615,"ul. Błażeja 11, Poznań",Całodobowa
OZO-D6FC5F277304,Miejsce ochronne,Obiekt ochrony ludności,,Poznań,Poznań,wielkopolskie,52.3896169486571,16.9424890603125,"ul. Piastowskie 79, Poznań",Całodobowa
OZO-8050D11CF390,Miejsce ochronne,Obiekt ochrony ludności,,Poznań,Poznań,wielkopolskie,52.3934662079112,16.9880817247466,"ul. Lwa 25B, Poznań",Na żądanie
OZO-D95A1884B2B4,Miejsce ochronne,Obiekt ochrony ludności,,Poznań,Poznań,wielkopolskie,52.4554668932659,16.9416039778174,"ul. Błażeja 13, Poznań",Całodobowa
OZO-C1A4C88E2FE7,Miejsce ochronne,Obiekt ochrony ludności,,Poznań,Poznań,wielkopolskie,52.4093336675627,16.9385644707279,"ul. Szyperska 23, Poznań",Na żądanie
OZO-04709BC979AE,Miejsce ochronne,Obiekt ochrony ludności,,Czerwonak,pow. poznański,wielkopolskie,52.4517442487408,16.9969092530129,"Osiedle Leśne 12B, Koziegłowy",Na żądanie
OZO-B3542139DA0F,Miejsce ochronne,Obiekt ochrony ludności,,Poznań,Poznań,wielkopolskie,52.462764707888,16.9214569317044,"ul. Stefana Batorego 58b, Poznań",Całodobowa
OZO-BBDDB215E140,Miejsce ochronne,Obiekt ochrony ludności,,Poznań,Poznań,wielkopolskie,52.4118716049877,16.9363223479644,"ul. Małe Garbary 7, Poznań",Na żądanie
OZO-14DA33AFF9D0,Miejsce ochronne,Obiekt ochrony ludności,,Poznań,Poznań,wielkopolskie,52.4188507766891,16.8657012990089,"ul. Janusza Meissnera 1, Poznań",Całodobowa
OZO-EEBF3A6DC49B,Miejsce ochronne,Obiekt ochrony ludności,,Poznań,Poznań,wielkopolskie,52.4219071078608,16.9172129393375,"ul. Drzymały Michała 27, Poznań",Na żądanie
OZO-046807099DEC,Miejsce ochronne,Obiekt ochrony ludności,,Swarzędz,pow. poznański,wielkopolskie,52.3983809678337,17.1098974595643,"ul. Rabowicka 19, Jasin",Całodobowa
OZO-0DCBACCB8E7E,Miejsce ochronne,Obiekt ochrony ludności,,Poznań,Poznań,wielkopolskie,52.4010616895696,16.9497584351857,"ul. Piotrowo 5, Poznań",Określone godziny
OZO-F51F4C8FC7FC,Miejsce ochronne,Obiekt ochrony ludności,,Luboń,pow. poznański,wielkopolskie,52.3418524999991,16.8976209999997,"ul. Jachtowa 35, Luboń",Całodobowa
OZO-422B00570BE6,Miejsce ochronne,Obiekt ochrony ludności,,Poznań,Poznań,wielkopolskie,52.4240712086706,16.9794785692526,"ul. Sucha 30, Poznań",Na żądanie
OZO-727850080D64,Miejsce ochronne,Obiekt ochrony ludności,,Swarzędz,pow. poznański,wielkopolskie,52.4938208151269,17.1005100091678,"ul. Kasztanowa 10, Karłowice",Na żądanie
OZO-1408A809E3F8,Miejsce ochronne,Obiekt ochrony ludności,,Swarzędz,pow. poznański,wielkopolskie,52.492724536909,17.1006630432422,"ul. Kasztanowa 4, Karłowice",Na żądanie
OZO-B3C257A40ECF,Miejsce ochronne,Obiekt ochrony ludności,,Poznań,Poznań,wielkopolskie,52.3942891938585,16.8973037492937,"ul. Emilii Sczanieckiej 4, Poznań",Na żądanie
OZO-F69029BCEA4D,Miejsce ochronne,Obiekt ochrony ludności,,Poznań,Poznań,wielkopolskie,52.3939163248958,17.0167029541995,"ul. Włodzimierza Majakowskiego 309A, Poznań",Na żądanie
OZO-57439408868D,Miejsce ochronne,Obiekt ochrony ludności,,Poznań,Poznań,wielkopolskie,52.4082837199386,16.9407436846558,"ul. Chwaliszewo 75, Poznań",Na żądanie
OZO-14C1BDE2C447,Miejsce ochronne,Obiekt ochrony ludności,,Poznań,Poznań,wielkopolskie,52.4634273929779,16.9107612159458,"ul. Jana III Sobieskiego 116, Poznań",Określone godziny
OZO-56B099980BCC,Miejsce ochronne,Obiekt ochrony ludności,,Poznań,Poznań,wielkopolskie,52.3968151279936,16.9671975241241,"ul. Katowicka 85A, Poznań",Na żądanie
OZO-03AC62904A54,Miejsce ochronne,Obiekt ochrony ludności,,Poznań,Poznań,wielkopolskie,52.4582986528346,16.9190094108398,"ul. Ludwika Braille'a 1B, Poznań",Całodobowa
OZO-D9A98CCB1752,Miejsce ochronne,Obiekt ochrony ludności,,Swarzędz,pow. poznański,wielkopolskie,52.4144621449772,17.0775180737874,"ul. Zamkowa 27B, Swarzędz",Całodobowa
OZO-EA6BEA94730E,Miejsce ochronne,Obiekt ochrony ludności,,Poznań,Poznań,wielkopolskie,52.4004216185165,16.9384999921756,"ul. Kazimierza Wielkiego 5, Poznań",Na żądanie
OZO-9A8ABE0DE1A8,Miejsce ochronne,Obiekt ochrony ludności,,Poznań,Poznań,wielkopolskie,52.4216727581392,16.965969311044,"ul. Studzienna 17, Poznań",Na żądanie
OZO-0E21FB0471DA,Miejsce ochronne,Obiekt ochrony ludności,,Poznań,Poznań,wielkopolskie,52.4040298873577,16.8936708648194,"ul. Grunwaldzka 35a, Poznań",Na żądanie
OZO-667F892CE57A,Miejsce ochronne,Obiekt ochrony ludności,,Poznań,Poznań,wielkopolskie,52.4485916260781,16.8920338985318,"ul. Strzeszyńska 67C, Poznań",Całodobowa
OZO-D7FDC2BFD14C,Miejsce ochronne,Obiekt ochrony ludności,,Poznań,Poznań,wielkopolskie,52.4058246700019,16.9945520625984,"ul. Mogileńska 4b, Poznań",Całodobowa
OZO-9C50F399BBD9,Miejsce ochronne,Obiekt ochrony ludności,,Poznań,Poznań,wielkopolskie,52.3790846310459,16.9154555988104,"ul. Saperska 38D, Poznań",Na żądanie
OZO-B522A2772C15,Miejsce ochronne,Obiekt ochrony ludności,,Poznań,Poznań,wielkopolskie,52.4066593193884,16.9334974572711,"ul. Gołębia 6, Poznań",Na żądanie
OZO-5C951576FFA1,Miejsce ochronne,Obiekt ochrony ludności,,Poznań,Poznań,wielkopolskie,52.3951405164799,16.9465759679023,"ul. Piastowskie 8, Poznań",Całodobowa
OZO-6F1552130244,Miejsce ochronne,Obiekt ochrony ludności,,Poznań,Poznań,wielkopolskie,52.4247882042127,16.9707329194359,"ul. Nadolnik 8A, Poznań",Na żądanie
OZO-146434D4F87B,Miejsce ochronne,Obiekt ochrony ludności,,Poznań,Poznań,wielkopolskie,52.3973282167825,16.9665745004114,"ul. Katowicka 73A, Poznań",Całodobowa
OZO-E282186890FB,Miejsce ochronne,Obiekt ochrony ludności,,Poznań,Poznań,wielkopolskie,52.4125633772521,16.9606702667478,"ul. Konarskiego Stanisława 32, Poznań",Na żądanie
OZO-0995CE4DDB4F,Miejsce ochronne,Obiekt ochrony ludności,,Poznań,Poznań,wielkopolskie,52.3993132999991,16.9646516999997,"ul. Katowicka 27, Poznań",Na żądanie
OZO-94362AB3ECD2,Miejsce ochronne,Obiekt ochrony ludności,,Poznań,Poznań,wielkopolskie,52.39165955882358,16.894235461950306,"ul. Marcina Kasprzaka 33, Poznań",Na żądanie
OZO-A41221ADCFE2,Miejsce ochronne,Obiekt ochrony ludności,,Poznań,Poznań,wielkopolskie,52.4666419745164,16.9207431843608,"ul. Uniwersytetu Poznańskiego 7, Poznań",Określone godziny
OZO-4212800942B8,Miejsce ochronne,Obiekt ochrony ludności,,Swarzędz,pow. poznański,wielkopolskie,52.4145946608186,17.0774858872859,"ul. Zamkowa 27D, Swarzędz",Całodobowa
OZO-291BC4D62AB6,Miejsce ochronne,Obiekt ochrony ludności,,Poznań,Poznań,wielkopolskie,52.4421179582902,16.8962440077416,"ul. Jasielska 14G, Poznań",Całodobowa
OZO-77B02140D65B,Miejsce ochronne,Obiekt ochrony ludności,,Poznań,Poznań,wielkopolskie,52.3776487789559,16.9161852755561,"ul. Saperska 44B, Poznań",Na żądanie
OZO-EE9FF8B19663,Miejsce ochronne,Obiekt ochrony ludności,,Poznań,Poznań,wielkopolskie,52.4330753056708,16.8958694401584,"ul. Dojazd 10B, Poznań",Całodobowa
OZO-FD5B1B1A2F02,Miejsce ochronne,Obiekt ochrony ludności,,Poznań,Poznań,wielkopolskie,52.3723666,16.9353826,"ul. Starołęcka 18, Poznań",Określone godziny
OZO-1877EABA7738,Miejsce ochronne,Obiekt ochrony ludności,,Poznań,Poznań,wielkopolskie,52.413506544374,16.9407457650763,"ul. Szyperska 13A, Poznań",Na żądanie
OZO-5276D404F69D,Miejsce ochronne,Obiekt ochrony ludności,,Poznań,Poznań,wielkopolskie,52.4239370667991,16.9799160673267,"ul. Sucha 30, Poznań",Na żądanie
OZO-4FD87A90151E,Miejsce ochronne,Obiekt ochrony ludności,,Poznań,Poznań,wielkopolskie,52.4169782646682,16.9059932495843,"ul. Kościelna 39f, Poznań",Całodobowa
OZO-D7F2E42D5575,Miejsce ochronne,Obiekt ochrony ludności,,Poznań,Poznań,wielkopolskie,52.4244743687848,16.979922772867,"ul. Sucha 30, Poznań",Na żądanie
OZO-BDD7E029F97B,Miejsce ochronne,Obiekt ochrony ludności,,Poznań,Poznań,wielkopolskie,52.4603900406882,16.9180389859308,"ul. Henryka Opieńskiego 2, Poznań",Całodobowa
OZO-9EAAAB584D26,Miejsce ochronne,Obiekt ochrony ludności,,Poznań,Poznań,wielkopolskie,52.420628591104,16.9647833333333,"ul. Studzienna 9, Poznań",Na żądanie
OZO-88004959ED58,Miejsce ochronne,Obiekt ochrony ludności,,Poznań,Poznań,wielkopolskie,52.4201109457855,16.888778515574,"ul. Zofii Nałkowskiej 51, Poznań",Całodobowa
OZO-E8F197B9982D,Miejsce ochronne,Obiekt ochrony ludności,,Poznań,Poznań,wielkopolskie,52.4204569886962,16.9646037516552,"ul. Studzienna 7, Poznań",Na żądanie
OZO-D8512CB4EF8F,Miejsce ochronne,Obiekt ochrony ludności,,Poznań,Poznań,wielkopolskie,52.3817647912893,16.890898634163,"ul. Daleka 37, Poznań",Na żądanie
OZO-98B09536F4E7,Miejsce ochronne,Obiekt ochrony ludności,,Poznań,Poznań,wielkopolskie,52.3943466756099,17.0203013079595,"ul. Rysia 4, Poznań",Na żądanie
OZO-CCCC068D059C,Miejsce ochronne,Obiekt ochrony ludności,,Poznań,Poznań,wielkopolskie,52.4442876996881,16.8728639341873,"ul. Moniki Cegłowskiej 10, Poznań",Całodobowa
OZO-A0B94284B690,Miejsce ochronne,Obiekt ochrony ludności,,Poznań,Poznań,wielkopolskie,52.4013357828674,16.9413754826998,"ul. Mostowa 19, Poznań",Na żądanie
OZO-21AC468DDEF7,Miejsce ochronne,Obiekt ochrony ludności,,Poznań,Poznań,wielkopolskie,52.3828010445198,16.911849538767,"ul. 28 Czerwca 1956 r. 202, Poznań",Całodobowa
OZO-DE7DEFED1FB9,Miejsce ochronne,Obiekt ochrony ludności,,Poznań,Poznań,wielkopolskie,52.4214826223135,16.9710462515215,"ul. Główna 39, Poznań",Na żądanie
OZO-5D212E08F6B2,Miejsce ochronne,Obiekt ochrony ludności,,Poznań,Poznań,wielkopolskie,52.4114502396739,16.9270097399418,"ul. Młyńska 14, Poznań",Na żądanie
OZO-F4E84626653A,Miejsce ochronne,Obiekt ochrony ludności,,Poznań,Poznań,wielkopolskie,52.3995842516403,16.9465048503807,"ul. św. Rocha 19a, Poznań",Na żądanie
OZO-6AF3BA5D63B9,Miejsce ochronne,Obiekt ochrony ludności,,Poznań,Poznań,wielkopolskie,52.3993537033701,16.9582878877542,"ul. Polanka 16a, Poznań",Na żądanie
OZO-D3EF193BAB1F,Miejsce ochronne,Obiekt ochrony ludności,,Poznań,Poznań,wielkopolskie,52.3960445746882,16.9628855597175,"ul. Milczańska 1, Poznań",Na żądanie
OZO-DB86DF987F5F,Miejsce ochronne,Obiekt ochrony ludności,,Poznań,Poznań,wielkopolskie,52.3853524067228,16.9649836291852,"ul. Stare Żegrze 125, Poznań",Na żądanie
OZO-4BD678846E75,Miejsce ochronne,Obiekt ochrony ludności,,Poznań,Poznań,wielkopolskie,52.3993684176282,16.9454308771251,"ul. św. Rocha 19h, Poznań",Na żądanie
OZO-2EC3BB29079F,Miejsce ochronne,Obiekt ochrony ludności,,Poznań,Poznań,wielkopolskie,52.3875441013224,16.9759720691672,"ul. Lecha 122, Poznań",Na żądanie
OZO-3D4CE25EA35C,Miejsce ochronne,Obiekt ochrony ludności,,Poznań,Poznań,wielkopolskie,52.4361226060803,16.9210837940465,"ul. Zwycięstwa 18, Poznań",Całodobowa
OZO-3B0CD53EF480,Miejsce ochronne,Obiekt ochrony ludności,,Poznań,Poznań,wielkopolskie,52.3952281765617,16.9342498373865,"ul. Bielniki 1, Poznań",Na żądanie
OZO-02EE79212E53,Miejsce ochronne,Obiekt ochrony ludności,,Poznań,Poznań,wielkopolskie,52.461630277989,16.9247768761361,"ul. Stefana Batorego 49, Poznań",Całodobowa
OZO-062FC9917D17,Miejsce ochronne,Obiekt ochrony ludności,,Poznań,Poznań,wielkopolskie,52.4221277129996,16.9742028563983,"ul. Główna 55a, Poznań",Na żądanie
OZO-494F69E3B8E5,Miejsce ochronne,Obiekt ochrony ludności,,Poznań,Poznań,wielkopolskie,52.42259284,16.97739891,"ul. Gnieźnieńska 3, Poznań",Na żądanie
OZO-AC1B058F0167,Miejsce ochronne,Obiekt ochrony ludności,,Swarzędz,pow. poznański,wielkopolskie,52.4145104069645,17.0774966161274,"ul. Zamkowa 27C, Swarzędz",Całodobowa
OZO-09EF983F9C54,Miejsce ochronne,Obiekt ochrony ludności,,Poznań,Poznań,wielkopolskie,52.4301933517532,16.9559597802562,"ul. Serbska 4, Poznań",Całodobowa
OZO-7507D53D1A9A,Miejsce ochronne,Obiekt ochrony ludności,,Poznań,Poznań,wielkopolskie,52.41309798,16.93135403,"ul. Wojciech Święty 10, Poznań",Na żądanie
OZO-D9071C8D339C,Miejsce ochronne,Obiekt ochrony ludności,,Poznań,Poznań,wielkopolskie,52.3940965999991,16.9638311999997,"ul. Milczańska 5, Poznań",Całodobowa
OZO-6E1C78F0561D,Miejsce ochronne,Obiekt ochrony ludności,,Rokietnica,pow. poznański,wielkopolskie,52.5120121265329,16.7442386652776,"ul. Szamotulska 28, Rokietnica",Całodobowa
OZO-EC1C63DC39E8,Miejsce ochronne,Obiekt ochrony ludności,,Poznań,Poznań,wielkopolskie,52.4537545980555,16.9463551919583,"ul. Naramowicka 219B, Poznań",Całodobowa
OZO-14FE717BE2C6,Miejsce ochronne,Obiekt ochrony ludności,,Poznań,Poznań,wielkopolskie,52.4160006986186,16.9080627735159,"ul. Mylna 54, Poznań",Całodobowa
OZO-5142AD1B68D8,Miejsce ochronne,Obiekt ochrony ludności,,Poznań,Poznań,wielkopolskie,52.41254504,16.9290385,"ul. Solna 6, Poznań",Na żądanie
OZO-8B7E5FF6CE6B,Miejsce ochronne,Obiekt ochrony ludności,,Poznań,Poznań,wielkopolskie,52.41610399487072,16.930655837059025,"ul. Kutrzeby gen. Tadeusza 12A, Poznań",Na żądanie
OZO-35B849F7A12E,Miejsce ochronne,Obiekt ochrony ludności,,Poznań,Poznań,wielkopolskie,52.421577526014,16.9162797161556,"ul. Drzymały Michała 24, Poznań",Na żądanie
OZO-55BC54C99415,Miejsce ochronne,Obiekt ochrony ludności,,Poznań,Poznań,wielkopolskie,52.4314819907357,16.9440896196898,"ul. Naramowicka 33C, Poznań",Całodobowa
OZO-C4F54C7D5FFB,Miejsce ochronne,Obiekt ochrony ludności,,Poznań,Poznań,wielkopolskie,52.4327063156714,16.8968411016959,"ul. Dojazd 10A, Poznań",Całodobowa
OZO-4FF5701E124A,Miejsce ochronne,Obiekt ochrony ludności,,Swarzędz,pow. poznański,wielkopolskie,52.414449874982,17.0779525916719,"ul. Zamkowa 29C, Swarzędz",Całodobowa
OZO-45A073953BD5,Miejsce ochronne,Obiekt ochrony ludności,,Poznań,Poznań,wielkopolskie,52.4299952937632,16.9555240413191,"ul. Serbska 8, Poznań",Na żądanie
OZO-F271D2EB3DE8,Miejsce ochronne,Obiekt ochrony ludności,,Poznań,Poznań,wielkopolskie,52.4180437450175,16.8976578933752,"ul. Stanisława Szczepanowskiego 7, Poznań",Całodobowa
OZO-B111FD886C41,Miejsce ochronne,Obiekt ochrony ludności,,Poznań,Poznań,wielkopolskie,52.3678894999991,16.9769412999997,"ul. Ostrowska 300, Poznań",Określone godziny
OZO-00FC31E5F4AA,Miejsce ochronne,Obiekt ochrony ludności,,Poznań,Poznań,wielkopolskie,52.4213106024838,16.8871526921037,"ul. Zofii Nałkowskiej 61, Poznań",Całodobowa
OZO-04DF1352FB83,Miejsce ochronne,Obiekt ochrony ludności,,Poznań,Poznań,wielkopolskie,52.4195535975206,16.8907981742729,"ul. Zofii Nałkowskiej 22D, Poznań",Całodobowa
OZO-B99B1C2E4206,Miejsce ochronne,Obiekt ochrony ludności,,Poznań,Poznań,wielkopolskie,52.4200755976584,16.8905860667635,"ul. Zofii Nałkowskiej 22A, Poznań",Całodobowa
OZO-8026FA4CE42A,Miejsce ochronne,Obiekt ochrony ludności,,Poznań,Poznań,wielkopolskie,52.457019157094,16.951709280801,"ul. Boranta 15A, Poznań",Całodobowa
OZO-84BF97289C18,Miejsce ochronne,Obiekt ochrony ludności,,Poznań,Poznań,wielkopolskie,52.4392629813703,16.9287186019515,"ul. Zwycięstwa 5H, Poznań",Na żądanie
OZO-B115AE37ECA5,Miejsce ochronne,Obiekt ochrony ludności,,Poznań,Poznań,wielkopolskie,52.3973121568247,16.9673819926202,"ul. Katowicka 75, Poznań",Całodobowa
OZO-49AD19C32B23,Miejsce ochronne,Obiekt ochrony ludności,,Poznań,Poznań,wielkopolskie,52.4044042215742,16.9406533115964,"ul. Wierzbowa 6, Poznań",Na żądanie
OZO-343F858634D0,Miejsce ochronne,Obiekt ochrony ludności,,Poznań,Poznań,wielkopolskie,52.3966031540738,16.9346852237701,"Droga Dębińska 13, Poznań",Na żądanie
OZO-8111E59088F6,Miejsce ochronne,Obiekt ochrony ludności,,Swarzędz,pow. poznański,wielkopolskie,52.3894348912179,17.0770304857984,"ul. Kórnicka 194B, Zalasewo",Całodobowa
OZO-A4792FBB5C12,Miejsce ochronne,Obiekt ochrony ludności,,Poznań,Poznań,wielkopolskie,52.4016319860838,16.9416933244436,"ul. Mostowa 19, Poznań",Na żądanie
OZO-01674C0DA5C8,Miejsce ochronne,Obiekt ochrony ludności,,Czerwonak,pow. poznański,wielkopolskie,52.4486641930047,16.9978715149562,"Osiedle Leśne 27, Koziegłowy",Całodobowa
OZO-DEA65A2F1978,Miejsce ochronne,Obiekt ochrony ludności,,Poznań,Poznań,wielkopolskie,52.4442044862733,16.9531816643064,"ul. Karpia 22B, Poznań",Całodobowa
OZO-BE4333C501F5,Miejsce ochronne,Obiekt ochrony ludności,,Poznań,Poznań,wielkopolskie,52.3814564287197,16.9417634034835,"ul. Rataje 166B, Poznań",Całodobowa
OZO-0165B1DF0578,Miejsce ochronne,Obiekt ochrony ludności,,Swarzędz,pow. poznański,wielkopolskie,52.3986031334679,17.051975092437,"ul. Teofila Kaczorowskiego 17A, Swarzędz",Całodobowa
OZO-11B5A3DF0FBA,Miejsce ochronne,Obiekt ochrony ludności,,Poznań,Poznań,wielkopolskie,52.4532628210675,16.9298025601957,"ul. Drewlańska 10, Poznań",Całodobowa
OZO-931EDBDE69FC,Miejsce ochronne,Obiekt ochrony ludności,,Poznań,Poznań,wielkopolskie,52.3858641683895,16.8573464953449,"ul. Międzyborska 10, Poznań",Całodobowa
OZO-770741753827,Miejsce ochronne,Obiekt ochrony ludności,,Poznań,Poznań,wielkopolskie,52.4153080592065,16.909181368459,"ul. Mylna 29a, Poznań",Całodobowa
OZO-0ADCEE591B05,Miejsce ochronne,Obiekt ochrony ludności,,Swarzędz,pow. poznański,wielkopolskie,52.4144122469376,17.0775274615208,"ul. Zamkowa 27A, Swarzędz",Całodobowa
OZO-7E94BC88AA18,Miejsce ochronne,Obiekt ochrony ludności,,Poznań,Poznań,wielkopolskie,52.4642236024451,16.9197232008613,"ul. Stefana Batorego 80B, Poznań",Całodobowa
OZO-3161BB056BDA,Miejsce ochronne,Obiekt ochrony ludności,,Poznań,Poznań,wielkopolskie,52.4107471199058,16.8619797518394,"ul. Bukowska 156, Poznań",Całodobowa
OZO-B3E2E533D20F,Miejsce ochronne,Obiekt ochrony ludności,,Poznań,Poznań,wielkopolskie,52.4071391484779,16.9117432421197,"ul. Franklina Roosevelta 22, Poznań",Całodobowa
OZO-C444E9E1AE60,Miejsce ochronne,Obiekt ochrony ludności,,Poznań,Poznań,wielkopolskie,52.4187233022735,16.8979802933411,"ul. Stanisława Szczepanowskiego 1, Poznań",Określone godziny
OZO-EA8872895C61,Miejsce ochronne,Obiekt ochrony ludności,,Poznań,Poznań,wielkopolskie,52.3893291188354,16.9037661128229,"ul. Klaudyny Potockiej 51, Poznań",Całodobowa
OZO-776E57446965,Miejsce ochronne,Obiekt ochrony ludności,,Poznań,Poznań,wielkopolskie,52.4079412204763,16.901834054641,"ul. Józefa Kraszewskiego 30, Poznań",Określone godziny
OZO-2E77F95B0F57,Miejsce ochronne,Obiekt ochrony ludności,,Poznań,Poznań,wielkopolskie,52.4414872242856,16.9226884147666,"ul. Zwycięstwa 108, Poznań",Na żądanie
OZO-C694CED9BF19,Miejsce ochronne,Obiekt ochrony ludności,,Poznań,Poznań,wielkopolskie,52.4486180139128,16.9184708927772,"ul. Bolesława Chrobrego 29, Poznań",Całodobowa
OZO-2DA339511A9D,Miejsce ochronne,Obiekt ochrony ludności,,Poznań,Poznań,wielkopolskie,52.3848458765524,16.9675331022221,"ul. Stare Żegrze 147, Poznań",Na żądanie
OZO-C94AAFE96CF9,Miejsce ochronne,Obiekt ochrony ludności,,Poznań,Poznań,wielkopolskie,52.4224953365514,16.8639024934255,"ul. Lotnictwa Polskiego 16, Poznań",Całodobowa
OZO-4F4CC91E4FC1,Miejsce ochronne,Obiekt ochrony ludności,,Poznań,Poznań,wielkopolskie,52.4163315200382,16.9383223419317,"ul. Garbary 125, Poznań",Na żądanie
OZO-17256720C65B,Miejsce ochronne,Obiekt ochrony ludności,,Poznań,Poznań,wielkopolskie,52.4084226965323,16.9415718881374,"ul. Chwaliszewo 70, Poznań",Na żądanie
OZO-CAB3E6EA7C2D,Miejsce ochronne,Obiekt ochrony ludności,,Poznań,Poznań,wielkopolskie,52.3921976861976,16.943051542266,"ul. Piastowskie 57, Poznań",Całodobowa
OZO-530E6234F559,Miejsce ochronne,Obiekt ochrony ludności,,Poznań,Poznań,wielkopolskie,52.3923898040642,16.9430407323105,"ul. Piastowskie 56, Poznań",Całodobowa
OZO-357DE5A79F6B,Miejsce ochronne,Obiekt ochrony ludności,,Poznań,Poznań,wielkopolskie,52.4296442004933,16.9535536377948,"ul. Wilczak 18, Poznań",Na żądanie
OZO-3EB40A758664,Miejsce ochronne,Obiekt ochrony ludności,,Poznań,Poznań,wielkopolskie,52.4162853685862,16.9302155288361,"ul. gen. Tadeusza Kutrzeby 14, Poznań",Na żądanie
OZO-E8E8009C7339,Miejsce ochronne,Obiekt ochrony ludności,,Poznań,Poznań,wielkopolskie,52.41607344,16.88303091,"pl. Waryńskiego Ludwika 3, Poznań",Na żądanie
OZO-491DDE40D35E,Miejsce ochronne,Obiekt ochrony ludności,,Poznań,Poznań,wielkopolskie,52.3879158880505,16.9216012940377,"ul. Dezyderego Chłapowskiego 19, Poznań",Całodobowa
OZO-81AC6E293974,Miejsce ochronne,Obiekt ochrony ludności,,Poznań,Poznań,wielkopolskie,52.4286607564168,16.9533206371131,"ul. Wilczak 18, Poznań",Na żądanie
OZO-45F5E4B9DA2A,Miejsce ochronne,Obiekt ochrony ludności,,Poznań,Poznań,wielkopolskie,52.4044201701119,16.9384182150845,"ul. Mostowa 23B, Poznań",Określone godziny
OZO-581BDC90C3D7,Miejsce ochronne,Obiekt ochrony ludności,,Poznań,Poznań,wielkopolskie,52.4163503,16.98326021,"ul. Nieszawska 15C, Poznań",Na żądanie
OZO-8C70977628AD,Miejsce ochronne,Obiekt ochrony ludności,,Czerwonak,pow. poznański,wielkopolskie,52.4486641930047,16.9978715149562,"Osiedle Leśne 27, Koziegłowy",Całodobowa
OZO-E295B2AF999A,Miejsce ochronne,Obiekt ochrony ludności,,Czerwonak,pow. poznański,wielkopolskie,52.4486469763382,16.9976856317193,"Osiedle Leśne 30, Koziegłowy",Całodobowa
OZO-17876B49EBEB,Miejsce ochronne,Obiekt ochrony ludności,,Poznań,Poznań,wielkopolskie,52.4292286224479,16.9530755648009,"ul. Wilczak 18, Poznań",Na żądanie
OZO-242B6EDB1E44,Miejsce ochronne,Obiekt ochrony ludności,,Poznań,Poznań,wielkopolskie,52.4188087272849,16.8650927553067,"ul. Janusza Meissnera 2A, Poznań",Całodobowa
OZO-7D6D988CB8CF,Miejsce ochronne,Obiekt ochrony ludności,,Poznań,Poznań,wielkopolskie,52.4337740222896,16.9444261884541,"ul. Kosmonautów 1, Poznań",Całodobowa
OZO-1779D291F63D,Miejsce ochronne,Obiekt ochrony ludności,,Poznań,Poznań,wielkopolskie,52.4095058252135,17.0299474140591,"ul. Chociebora 1, Poznań",Całodobowa
OZO-1D303A23B21F,Miejsce ochronne,Obiekt ochrony ludności,,Poznań,Poznań,wielkopolskie,52.4165248219888,16.9296515408616,"ul. Kutrzeby gen. Tadeusza 16A, Poznań",Na żądanie
OZO-443EEFE9D47B,Miejsce ochronne,Obiekt ochrony ludności,,Poznań,Poznań,wielkopolskie,52.422005131412,16.9161518116838,"ul. Michała Drzymały 23, Poznań",Na żądanie
OZO-79F105330018,Miejsce ochronne,Obiekt ochrony ludności,,Poznań,Poznań,wielkopolskie,52.4390919331643,16.9299486637721,"ul. Zwycięstwa 125, Poznań",Określone godziny
OZO-828E60DBFBCB,Miejsce ochronne,Obiekt ochrony ludności,,Poznań,Poznań,wielkopolskie,52.4085786702854,16.9419547042581,"ul. Chwaliszewo 69, Poznań",Na żądanie
OZO-5E03E09AE665,Miejsce ochronne,Obiekt ochrony ludności,,Poznań,Poznań,wielkopolskie,52.4167427380382,16.9300217126893,"ul. gen. Tadeusza Kutrzeby 16B, Poznań",Na żądanie
OZO-9D13692CB5BB,Miejsce ochronne,Obiekt ochrony ludności,,Poznań,Poznań,wielkopolskie,52.4167736542212,16.9302205654681,"ul. Kutrzeby gen. Tadeusza 16C, Poznań",Na żądanie
OZO-0218EFF84BFF,Miejsce ochronne,Obiekt ochrony ludności,,Poznań,Poznań,wielkopolskie,52.4167662183108,16.9305862857751,"ul. gen. Tadeusza Kutrzeby 16D, Poznań",Na żądanie
OZO-D2B57A3D5DF4,Miejsce ochronne,Obiekt ochrony ludności,,Poznań,Poznań,wielkopolskie,52.405956116295,16.9327433243795,"ul. Wrocławska 20, Poznań",Na żądanie
OZO-7F9F08722143,Miejsce ochronne,Obiekt ochrony ludności,,Poznań,Poznań,wielkopolskie,52.4318517844386,16.8225470401755,"ul. Jana Henryka Dąbrowskiego 472, Poznań",Całodobowa
OZO-CD36C125A00F,Miejsce ochronne,Obiekt ochrony ludności,,Poznań,Poznań,wielkopolskie,52.4234141280984,16.9126935940761,"ul. Urbanowska 16, Poznań",Na żądanie
OZO-B7F454F94B16,Miejsce ochronne,Obiekt ochrony ludności,,Poznań,Poznań,wielkopolskie,52.4216338094417,16.9133618563419,"ul. Drzymały Michała 12A, Poznań",Określone godziny
OZO-E78E81DEF4E4,Miejsce ochronne,Obiekt ochrony ludności,,Poznań,Poznań,wielkopolskie,52.4303260064046,16.9180563289163,"ul. Piątkowska 94b, Poznań",Całodobowa
OZO-380B17BA70F6,Miejsce ochronne,Obiekt ochrony ludności,,Poznań,Poznań,wielkopolskie,52.4274387318275,16.8549706443238,"ul. Jana Henryka Dąbrowskiego 314, Poznań",Całodobowa
OZO-12CCF62FD8EF,Miejsce ochronne,Obiekt ochrony ludności,,Poznań,Poznań,wielkopolskie,52.4469207907965,16.9216838859218,"ul. Bolesława Śmiałego 38, Poznań",Całodobowa
OZO-85AF912031C1,Miejsce ochronne,Obiekt ochrony ludności,,Poznań,Poznań,wielkopolskie,52.4074755825599,16.9332228833919,"ul. Wrocławska 1, Poznań",Na żądanie
OZO-F3E268300D7F,Miejsce ochronne,Obiekt ochrony ludności,,Poznań,Poznań,wielkopolskie,52.4133421407707,16.9401860234517,"ul. Garbary 104E, Poznań",Na żądanie
OZO-D05C5FB91E65,Miejsce ochronne,Obiekt ochrony ludności,,Poznań,Poznań,wielkopolskie,52.4222552634916,16.864143009536,"ul. Lotnictwa Polskiego 16A, Poznań",Całodobowa
OZO-A1618F7D0441,Miejsce ochronne,Obiekt ochrony ludności,,Swarzędz,pow. poznański,wielkopolskie,52.412638171316,17.0757069796699,"ul. św. Marcina 38, Swarzędz",Określone godziny
OZO-4F21782D3A29,Miejsce ochronne,Obiekt ochrony ludności,,Poznań,Poznań,wielkopolskie,52.4126347,16.9170845,"ul. Karola Libelta 33, Poznań",Na żądanie
OZO-0AD3D003B75A,Miejsce ochronne,Obiekt ochrony ludności,,Poznań,Poznań,wielkopolskie,52.4490649623375,16.9213909219535,"ul. Bolesława Śmiałego 36, Poznań",Całodobowa
OZO-48579FBA6FBB,Miejsce ochronne,Obiekt ochrony ludności,,Poznań,Poznań,wielkopolskie,52.4194167505125,16.8642839863783,"ul. Janusza Meissnera 2E, Poznań",Całodobowa
OZO-867576779AC9,Miejsce ochronne,Obiekt ochrony ludności,,Poznań,Poznań,wielkopolskie,52.420107967715,16.8646474805867,"ul. Janusza Meissnera 4D, Poznań",Całodobowa
OZO-9B5BBB771006,Miejsce ochronne,Obiekt ochrony ludności,,Poznań,Poznań,wielkopolskie,52.4556803210134,16.9185406662881,"ul. Stefana Batorego 20G, Poznań",Całodobowa
OZO-32CB566E88B8,Miejsce ochronne,Obiekt ochrony ludności,,Poznań,Poznań,wielkopolskie,52.3809581540436,16.95112855963,"ul. Armii Krajowej 69, Poznań",Całodobowa
OZO-1DC9FC221A40,Miejsce ochronne,Obiekt ochrony ludności,,Poznań,Poznań,wielkopolskie,52.4045939669332,16.9411176913597,"ul. Wierzbowa 5, Poznań",Na żądanie
OZO-E3EB040ABFB3,Miejsce ochronne,Obiekt ochrony ludności,,Poznań,Poznań,wielkopolskie,52.4200741049143,16.8655680164472,"ul. Janusza Meissnera 4E, Poznań",Całodobowa
OZO-4044C79E0B9C,Miejsce ochronne,Obiekt ochrony ludności,,Poznań,Poznań,wielkopolskie,52.4186916153541,16.8642415281912,"ul. Janusza Meissnera 2G, Poznań",Całodobowa
OZO-7CAEDDE0E242,Miejsce ochronne,Obiekt ochrony ludności,,Poznań,Poznań,wielkopolskie,52.4221565501185,16.9678496950555,"ul. Mariacka 8, Poznań",Na żądanie
OZO-1967B8C209DE,Miejsce ochronne,Obiekt ochrony ludności,,Poznań,Poznań,wielkopolskie,52.4468889554636,16.9228925822272,"ul. Bolesława Śmiałego 40, Poznań",Całodobowa
OZO-5903E3014752,Miejsce ochronne,Obiekt ochrony ludności,,Poznań,Poznań,wielkopolskie,52.423204580519,16.9134440258674,"ul. Urbanowska 16, Poznań",Na żądanie
OZO-497A13E3721D,Miejsce ochronne,Obiekt ochrony ludności,,Poznań,Poznań,wielkopolskie,52.4598894823759,16.9096250052897,"ul. Zygmunta Starego 17, Poznań",Całodobowa
OZO-9881D84CE4A8,Miejsce ochronne,Obiekt ochrony ludności,,Poznań,Poznań,wielkopolskie,52.4643388844253,16.9199143691873,"ul. Stefana Batorego 80C, Poznań",Całodobowa
OZO-39B48AFB8D77,Miejsce ochronne,Obiekt ochrony ludności,,Poznań,Poznań,wielkopolskie,52.4625576192625,16.9195704123512,"ul. Stefana Batorego 70, Poznań",Całodobowa
OZO-CAF99C5B0869,Miejsce ochronne,Obiekt ochrony ludności,,Poznań,Poznań,wielkopolskie,52.4646136173379,16.9188512036122,"ul. Stefana Batorego 79D, Poznań",Całodobowa
OZO-06600C7DA334,Miejsce ochronne,Obiekt ochrony ludności,,Poznań,Poznań,wielkopolskie,52.4298280730695,16.9520404501183,"ul. Wilczak 16, Poznań",Na żądanie
OZO-6C2B00F114EE,Miejsce ochronne,Obiekt ochrony ludności,,Poznań,Poznań,wielkopolskie,52.4111631,16.9193773,"ul. Niepodległości 18, Poznań",Na żądanie
OZO-F226D0C86FDE,Miejsce ochronne,Obiekt ochrony ludności,,Poznań,Poznań,wielkopolskie,52.4293129135868,16.9517360993363,"ul. Wilczak 16, Poznań",Na żądanie
OZO-ABED3E0FB11F,Miejsce ochronne,Obiekt ochrony ludności,,Poznań,Poznań,wielkopolskie,52.4090318433495,16.9423005142943,"ul. Chwaliszewo 15/16, Poznań",Na żądanie
OZO-E36903C7D5EB,Miejsce ochronne,Obiekt ochrony ludności,,Poznań,Poznań,wielkopolskie,52.4161780891254,16.9334273876477,"ul. Na Podgórniku 2, Poznań",Na żądanie
OZO-67542765A4BB,Miejsce ochronne,Obiekt ochrony ludności,,Poznań,Poznań,wielkopolskie,52.4100172,16.9179877,"ul. Fredry Aleksandra 9, Poznań",Na żądanie
OZO-B07F69B06B80,Miejsce ochronne,Obiekt ochrony ludności,,Poznań,Poznań,wielkopolskie,52.3989152478803,16.894646955082,"ul. Stanisława Wyspiańskiego 27, Poznań",Na żądanie
OZO-E1C5ADD08681,Miejsce ochronne,Obiekt ochrony ludności,,Poznań,Poznań,wielkopolskie,52.414064690247,16.9128882975649,"ul. Poznańska 62, Poznań",Na żądanie
OZO-640BE3EDB866,Miejsce ochronne,Obiekt ochrony ludności,,Poznań,Poznań,wielkopolskie,52.4305639355585,16.9541186077727,"ul. Wilczak 20, Poznań",Na żądanie
OZO-47C6A970E393,Miejsce ochronne,Obiekt ochrony ludności,,Poznań,Poznań,wielkopolskie,52.40907784719,16.9043259614421,"ul. Zwierzyniecka 28A, Poznań",Na żądanie
OZO-88FE0E41DF67,Miejsce ochronne,Obiekt ochrony ludności,,Poznań,Poznań,wielkopolskie,52.4119335055375,16.9394582486271,"ul. Piaskowa 6, Poznań",Na żądanie
OZO-8463F018F8AC,Miejsce ochronne,Obiekt ochrony ludności,,Poznań,Poznań,wielkopolskie,52.4171319161285,16.9611562263109,"ul. Zawady 12, Poznań",Na żądanie
OZO-B696E1F4D018,Miejsce ochronne,Obiekt ochrony ludności,,Poznań,Poznań,wielkopolskie,52.4241897725642,16.9664995839079,"ul. Smolna 13, Poznań",Na żądanie
OZO-9FE45AE1FA6E,Miejsce ochronne,Obiekt ochrony ludności,,Poznań,Poznań,wielkopolskie,52.4610207381308,16.9237113291306,"ul. Stefana Batorego 32, Poznań",Całodobowa
OZO-1C7CD718CEC7,Miejsce ochronne,Obiekt ochrony ludności,,Poznań,Poznań,wielkopolskie,52.3597494535174,16.904165642731,"ul. 28 Czerwca 1956 r. 406, Poznań",Określone godziny
OZO-80FEEC49B105,Miejsce ochronne,Obiekt ochrony ludności,,Poznań,Poznań,wielkopolskie,52.4233114512915,16.9681009985966,"ul. Smolna 13, Poznań",Na żądanie
OZO-7C898CB2F426,Miejsce ochronne,Obiekt ochrony ludności,,Poznań,Poznań,wielkopolskie,52.4238859361018,16.9673358354001,"ul. Smolna 13, Poznań",Na żądanie
OZO-E60D88F210F1,Miejsce ochronne,Obiekt ochrony ludności,,Poznań,Poznań,wielkopolskie,52.4632064851194,16.9182928375313,"ul. Stefana Batorego 79, Poznań",Całodobowa
OZO-CA71A46F3543,Miejsce ochronne,Obiekt ochrony ludności,,Poznań,Poznań,wielkopolskie,52.42221396,16.97454993,"ul. Główna 59a, Poznań",Na żądanie
OZO-9E466C10E59A,Miejsce ochronne,Obiekt ochrony ludności,,Poznań,Poznań,wielkopolskie,52.4203382180732,16.9752447866113,"ul. Krańcowa 4B, Poznań",Na żądanie
OZO-F56A3F11F0A3,Miejsce ochronne,Obiekt ochrony ludności,,Poznań,Poznań,wielkopolskie,52.42955678,16.94707907,"ul. Ugory 63, Poznań",Całodobowa
OZO-90459611FCAD,Miejsce ochronne,Obiekt ochrony ludności,,Poznań,Poznań,wielkopolskie,52.3603387159922,16.904127825367,"ul. 28 Czerwca 1956 r. 404, Poznań",Na żądanie
OZO-9E4764DD25DF,Miejsce ochronne,Obiekt ochrony ludności,,Poznań,Poznań,wielkopolskie,52.4576025413821,16.9517525923213,"ul. Bratumiły 8, Poznań",Całodobowa
OZO-DE1452583B1D,Miejsce ochronne,Obiekt ochrony ludności,,Poznań,Poznań,wielkopolskie,52.411929621553,16.9349078167858,"ul. Bóżnicza 1, Poznań",Na żądanie
OZO-2CAD6B8C92F5,Miejsce ochronne,Obiekt ochrony ludności,,Poznań,Poznań,wielkopolskie,52.4155885635949,16.9014234236062,"ul. Stanisława Barańczaka 3F, Poznań",Na żądanie
OZO-6D4D16D29E13,Miejsce ochronne,Obiekt ochrony ludności,,Poznań,Poznań,wielkopolskie,52.3945550747117,16.9447605383672,"ul. Piastowskie 23, Poznań",Całodobowa
OZO-F662AF14387C,Miejsce ochronne,Obiekt ochrony ludności,,Poznań,Poznań,wielkopolskie,52.4480824998533,16.8910760366123,"ul. Strzeszyńska 67F, Poznań",Całodobowa
OZO-EA97E9FC2450,Miejsce ochronne,Obiekt ochrony ludności,,Poznań,Poznań,wielkopolskie,52.3994662629362,16.8719854144714,"ul. Podstolińska 4, Poznań",Na żądanie
OZO-85D9AB000C03,Miejsce ochronne,Obiekt ochrony ludności,,Poznań,Poznań,wielkopolskie,52.4300848198666,16.9089331904019,"ul. Bonin 1b, Poznań",Określone godziny
OZO-8C42BB9689AD,Miejsce ochronne,Obiekt ochrony ludności,,Poznań,Poznań,wielkopolskie,52.4423591341633,16.86762180226,"ul. Żołnierzy Wyklętych 10, Poznań",Całodobowa
OZO-22D400FDD217,Miejsce ochronne,Obiekt ochrony ludności,,Poznań,Poznań,wielkopolskie,52.4387682018384,16.9294002680567,"ul. Zwycięstwa 5N, Poznań",Na żądanie
OZO-0F536502930C,Miejsce ochronne,Obiekt ochrony ludności,,Poznań,Poznań,wielkopolskie,52.4392160272408,16.9280204069466,"ul. Zwycięstwa 5K, Poznań",Na żądanie
OZO-9EF62E41660D,Miejsce ochronne,Obiekt ochrony ludności,,Poznań,Poznań,wielkopolskie,52.3809743152462,16.9522635076755,"ul. Armii Krajowej 82, Poznań",Na żądanie
OZO-80972BA93D32,Miejsce ochronne,Obiekt ochrony ludności,,Poznań,Poznań,wielkopolskie,52.4370606659226,16.9022708414222,"ul. Dojazd 34a, Poznań",Określone godziny
OZO-CB3CD42D5D10,Miejsce ochronne,Obiekt ochrony ludności,,Poznań,Poznań,wielkopolskie,52.4096616666667,16.9361833333333,"ul. Dominikańska 9, Poznań",Na żądanie
OZO-0AEFB9D75462,Miejsce ochronne,Obiekt ochrony ludności,,Poznań,Poznań,wielkopolskie,52.4135110141856,16.9642779056736,"ul. Michała św. 39/41, Poznań",Na żądanie
OZO-24A26374AC36,Miejsce ochronne,Obiekt ochrony ludności,,Poznań,Poznań,wielkopolskie,52.4424054538328,16.868204295323,"ul. Żołnierzy Wyklętych 14, Poznań",Całodobowa
OZO-F2F2E22D6F0F,Miejsce ochronne,Obiekt ochrony ludności,,Poznań,Poznań,wielkopolskie,52.4439573832645,16.8682399770392,"ul. Tadeusza Mikke 2A, Poznań",Całodobowa
OZO-0576FBFD0D11,Miejsce ochronne,Obiekt ochrony ludności,,Poznań,Poznań,wielkopolskie,52.3983621282495,16.9508374561327,"ul. św. Rocha 4b, Poznań",Na żądanie
OZO-F1A057E162A6,Miejsce ochronne,Obiekt ochrony ludności,,Poznań,Poznań,wielkopolskie,52.4122512358312,16.9396716594601,"ul. Piaskowa 7, Poznań",Na żądanie
OZO-905BBFA2AEA5,Miejsce ochronne,Obiekt ochrony ludności,,Poznań,Poznań,wielkopolskie,52.4310625309269,16.9355597612148,"ul. Słowiańska 55b, Poznań",Całodobowa
OZO-8959365901C9,Miejsce ochronne,Obiekt ochrony ludności,,Poznań,Poznań,wielkopolskie,52.4440921118528,16.8742355840572,"ul. Olgi Sławskiej-Lipczyńskiej 4, Poznań",Całodobowa
OZO-6C583B65D28B,Miejsce ochronne,Obiekt ochrony ludności,,Poznań,Poznań,wielkopolskie,52.4437851931041,16.8740415124237,"ul. Olgi Sławskiej-Lipczyńskiej 6, Poznań",Całodobowa
OZO-54144F23CBA6,Miejsce ochronne,Obiekt ochrony ludności,,Poznań,Poznań,wielkopolskie,52.4448479537129,16.8667320147468,"ul. Tadeusza Mikke 12, Poznań",Całodobowa
OZO-84E5690B71AA,Miejsce ochronne,Obiekt ochrony ludności,,Poznań,Poznań,wielkopolskie,52.4470576833151,16.9257807473034,"ul. Floriana Znanieckiego 12i, Poznań",Całodobowa
OZO-3E006350581C,Miejsce ochronne,Obiekt ochrony ludności,,Poznań,Poznań,wielkopolskie,52.4420531744736,16.8691030198222,"ul. Elżbiety Zawackiej 11, Poznań",Całodobowa
OZO-A2EDE80704CF,Miejsce ochronne,Obiekt ochrony ludności,,Poznań,Poznań,wielkopolskie,52.4459808083521,16.8668659341427,"ul. Mieczysława Rawicz-Mysłowskiego 4, Poznań",Całodobowa
OZO-0BF78A02EEFD,Miejsce ochronne,Obiekt ochrony ludności,,Rokietnica,pow. poznański,wielkopolskie,52.5113951506316,16.7549184127213,"ul. Dworcowa 1A, Rokietnica",Całodobowa
OZO-A9840B752E04,Miejsce ochronne,Obiekt ochrony ludności,,Poznań,Poznań,wielkopolskie,52.441999005608,16.8942882614043,"ul. Jasielska 12A, Poznań",Całodobowa
OZO-2F156ABEC665,Miejsce ochronne,Obiekt ochrony ludności,,Poznań,Poznań,wielkopolskie,52.4423042602338,16.8958893353596,"ul. Jasielska 14F, Poznań",Całodobowa
OZO-D8B43FFD8C01,Miejsce ochronne,Obiekt ochrony ludności,,Poznań,Poznań,wielkopolskie,52.3874787150257,16.9686519723502,"ul. Bolesława Krzywoustego 48, Poznań",Całodobowa
OZO-747E9FD35CCC,Miejsce ochronne,Obiekt ochrony ludności,,Poznań,Poznań,wielkopolskie,52.4546574207277,16.9429038171391,"ul. Jasna Rola 40B, Poznań",Całodobowa
OZO-4C80CE322001,Miejsce ochronne,Obiekt ochrony ludności,,Poznań,Poznań,wielkopolskie,52.3836340756753,16.9119094871303,"ul. 28 Czerwca 1956 r. 194, Poznań",Na żądanie
OZO-B1DC61C7DCEA,Miejsce ochronne,Obiekt ochrony ludności,,Poznań,Poznań,wielkopolskie,52.4414890669676,16.8960015336859,"ul. Jasielska 14H, Poznań",Całodobowa
OZO-E8BBEEEE0F71,Miejsce ochronne,Obiekt ochrony ludności,,Poznań,Poznań,wielkopolskie,52.4046891853641,16.9304839961717,"ul. Bolesława Krysiewicza 2, Poznań",Na żądanie
OZO-C828B17CD68C,Miejsce ochronne,Obiekt ochrony ludności,,Poznań,Poznań,wielkopolskie,52.3912544839043,16.896269757718,"ul. Klaudyny Potockiej 24, Poznań",Na żądanie
OZO-9084254FE8C8,Miejsce ochronne,Obiekt ochrony ludności,,Poznań,Poznań,wielkopolskie,52.4035847,16.9000912,"ul. Jana Matejki 8/10, Poznań",Na żądanie
OZO-4F09FBB4BF98,Miejsce ochronne,Obiekt ochrony ludności,,Poznań,Poznań,wielkopolskie,52.3881338175331,16.919020589869,"ul. Dezyderego Chłapowskiego 27, Poznań",Na żądanie
OZO-BB0079DDFF26,Miejsce ochronne,Obiekt ochrony ludności,,Swarzędz,pow. poznański,wielkopolskie,52.4059388238964,17.0670978059373,"ul. Poznańska 27, Swarzędz",Określone godziny
OZO-E0C5BCAC0940,Miejsce ochronne,Obiekt ochrony ludności,,Poznań,Poznań,wielkopolskie,52.3951405164799,16.9465759679023,"ul. Piastowskie 8, Poznań",Całodobowa
OZO-45201FE7F28A,Miejsce ochronne,Obiekt ochrony ludności,,Poznań,Poznań,wielkopolskie,52.3895503591697,16.8766613010674,"ul. Rynarzewska 15, Poznań",Na żądanie
OZO-15771520EDD9,Miejsce ochronne,Obiekt ochrony ludności,,Poznań,Poznań,wielkopolskie,52.4112559477493,16.9641108262281,"ul. św. Michała 23, Poznań",Na żądanie
OZO-3FC6E439A86E,Miejsce ochronne,Obiekt ochrony ludności,,Poznań,Poznań,wielkopolskie,52.4134014,16.8941329,"ul. Galla Anonima 6a, Poznań",Na żądanie
OZO-DDD30267EF20,Miejsce ochronne,Obiekt ochrony ludności,,Poznań,Poznań,wielkopolskie,52.4039160782209,16.9229163975879,"ul. Powstańców Wielkopolskich 3, Poznań",Na żądanie
OZO-3525BE6E5DF6,Miejsce ochronne,Obiekt ochrony ludności,,Poznań,Poznań,wielkopolskie,52.3953513905384,16.8976065036364,"ul. Marcina Kasprzaka 3, Poznań",Na żądanie
OZO-EBBAE77D99A4,Miejsce ochronne,Obiekt ochrony ludności,,Poznań,Poznań,wielkopolskie,52.3933887463434,16.9664039666127,"ul. Milczańska 14h, Poznań",Całodobowa
OZO-7BEA11537973,Miejsce ochronne,Obiekt ochrony ludności,,Swarzędz,pow. poznański,wielkopolskie,52.4103982470751,17.0789559396108,"ul. Warszawska 2, Swarzędz",Na żądanie
OZO-D011B12EBD2C,Miejsce ochronne,Obiekt ochrony ludności,,Poznań,Poznań,wielkopolskie,52.4092148069335,16.9241298627686,"pl. Ratajskiego Cyryla 1a, Poznań",Na żądanie
OZO-90313A8A3425,Miejsce ochronne,Obiekt ochrony ludności,,Poznań,Poznań,wielkopolskie,52.3992184565553,16.8718696593416,"ul. Marszałkowska 10a, Poznań",Na żądanie
OZO-CAA90CA6FFB5,Miejsce ochronne,Obiekt ochrony ludności,,Poznań,Poznań,wielkopolskie,52.4142929122945,16.9656134351857,"ul. Michała św. 50, Poznań",Na żądanie
OZO-413B664CC477,Miejsce ochronne,Obiekt ochrony ludności,,Poznań,Poznań,wielkopolskie,52.3909353550699,16.851058728789,"ul. Mariana Smoluchowskiego 3F, Poznań",Na żądanie
OZO-D51E94E012AC,Miejsce ochronne,Obiekt ochrony ludności,,Poznań,Poznań,wielkopolskie,52.3944464605372,16.9485784100432,"ul. Piastowskie 36, Poznań",Całodobowa
OZO-ECE9E67FF0E2,Miejsce ochronne,Obiekt ochrony ludności,,Poznań,Poznań,wielkopolskie,52.3805749291587,16.9518254986573,"ul. Armii Krajowej 72, Poznań",Całodobowa
OZO-8648722F0EE2,Miejsce ochronne,Obiekt ochrony ludności,,Poznań,Poznań,wielkopolskie,52.3913932779022,16.9433331810619,"ul. Piastowskie 60, Poznań",Całodobowa
OZO-C7C08EA727DA,Miejsce ochronne,Obiekt ochrony ludności,,Poznań,Poznań,wielkopolskie,52.3904701747017,16.9509676250557,"ul. Jagiellońskie 102, Poznań",Całodobowa
OZO-B14CE9243431,Miejsce ochronne,Obiekt ochrony ludności,,Poznań,Poznań,wielkopolskie,52.380399246925,16.9513015227248,"ul. Armii Krajowej 64, Poznań",Na żądanie
OZO-00BD719E2D91,Miejsce ochronne,Obiekt ochrony ludności,,Swarzędz,pow. poznański,wielkopolskie,52.4930795871677,17.1001440387018,"ul. Kasztanowa 4, Karłowice",Na żądanie
OZO-913BB4E66A7F,Miejsce ochronne,Obiekt ochrony ludności,,Poznań,Poznań,wielkopolskie,52.3985137,16.871582,"ul. Marszałkowska 3, Poznań",Na żądanie
OZO-27A419676367,Miejsce ochronne,Obiekt ochrony ludności,,Poznań,Poznań,wielkopolskie,52.4116710398401,16.8950089518423,"ul. Augustyna Szamarzewskiego 45, Poznań",Na żądanie
OZO-6F1523BF2970,Miejsce ochronne,Obiekt ochrony ludności,,Poznań,Poznań,wielkopolskie,52.4102039,16.9116019,"ul. Juliusza Słowackiego 8, Poznań",Na żądanie
OZO-5C638DD35B1D,Miejsce ochronne,Obiekt ochrony ludności,,Poznań,Poznań,wielkopolskie,52.3896752758705,16.9506277620024,"ul. Jagiellońskie 94, Poznań",Całodobowa
OZO-4B2D675877A8,Miejsce ochronne,Obiekt ochrony ludności,,Poznań,Poznań,wielkopolskie,52.3808579064817,16.9511624225188,"ul. Armii Krajowej 68, Poznań",Całodobowa
OZO-B5A3B47A747A,Miejsce ochronne,Obiekt ochrony ludności,,Swarzędz,pow. poznański,wielkopolskie,52.3745487090946,17.1047134997081,"ul. Spółdzielcza 2, Kruszewnia",Na żądanie
OZO-E49912164AFC,Miejsce ochronne,Obiekt ochrony ludności,,Luboń,pow. poznański,wielkopolskie,52.3504484455802,16.8745417692114,"ul. gen. Władysława Sikorskiego 30a, Luboń",Na żądanie
OZO-7112190163C4,Miejsce ochronne,Obiekt ochrony ludności,,Poznań,Poznań,wielkopolskie,52.412377122531,16.8840449016857,"ul. Szamotulska 65, Poznań",Na żądanie
OZO-E263D5E0599D,Miejsce ochronne,Obiekt ochrony ludności,,Poznań,Poznań,wielkopolskie,52.411406488912,16.883040553373,"ul. Szamotulska 51a, Poznań",Na żądanie
OZO-131FD5B0948A,Miejsce ochronne,Obiekt ochrony ludności,,Czerwonak,pow. poznański,wielkopolskie,52.449065272574,16.9973156919862,"Osiedle Leśne 23, Koziegłowy",Na żądanie
OZO-D53A29658BA1,Miejsce ochronne,Obiekt ochrony ludności,,Poznań,Poznań,wielkopolskie,52.4096333333333,16.9378033333333,"ul. Garbary 73, Poznań",Na żądanie
OZO-ADFA8826A642,Miejsce ochronne,Obiekt ochrony ludności,,Poznań,Poznań,wielkopolskie,52.4451829783829,16.9559276182931,"ul. Karpia 25B, Poznań",Na żądanie
OZO-5701D44AC479,Miejsce ochronne,Obiekt ochrony ludności,,Poznań,Poznań,wielkopolskie,52.4106845407569,16.891558289948,"ul. Maksymiliana Jackowskiego 57, Poznań",Na żądanie
OZO-A1B60CB8433C,Miejsce ochronne,Obiekt ochrony ludności,,Czerwonak,pow. poznański,wielkopolskie,52.4537429507506,16.9904918053862,"ul. Marszałka Józefa Piłsudskiego 27B, Koziegłowy",Na żądanie
OZO-0C3E6F3771AE,Miejsce ochronne,Obiekt ochrony ludności,,Poznań,Poznań,wielkopolskie,52.4531922855648,16.9438028317771,"ul. Jasna Rola 34A, Poznań",Na żądanie
OZO-23FAFE69D34C,Miejsce ochronne,Obiekt ochrony ludności,,Swarzędz,pow. poznański,wielkopolskie,52.4928308405846,17.0998982757375,"ul. Kasztanowa 4, Karłowice",Na żądanie
OZO-44DE36CF7F58,Miejsce ochronne,Obiekt ochrony ludności,,Poznań,Poznań,wielkopolskie,52.4005007894688,16.950704,"ul. Kórnicka 3, Poznań",Na żądanie
OZO-F19E4525F2D5,Miejsce ochronne,Obiekt ochrony ludności,,Czerwonak,pow. poznański,wielkopolskie,52.4530597036635,16.9962349485501,"Osiedle Leśne 4H, Koziegłowy",Na żądanie
OZO-C158FE9FECA0,Miejsce ochronne,Obiekt ochrony ludności,,Luboń,pow. poznański,wielkopolskie,52.3503757744779,16.8765559405439,"ul. Źródlana 4, Luboń",Na żądanie
OZO-FD4404CEC6DF,Miejsce ochronne,Obiekt ochrony ludności,,Poznań,Poznań,wielkopolskie,52.4046441970415,16.8959364932477,"ul. Grunwaldzka 29a, Poznań",Na żądanie
OZO-541B702683F5,Miejsce ochronne,Obiekt ochrony ludności,,Poznań,Poznań,wielkopolskie,52.3991446,16.8739643,"ul. Cześnikowska 7, Poznań",Na żądanie
OZO-7E98A4F91C4A,Miejsce ochronne,Obiekt ochrony ludności,,Poznań,Poznań,wielkopolskie,52.3905718430803,16.8920173207729,"ul. Hetmańska 36a, Poznań",Na żądanie
OZO-9A5760D782B7,Miejsce ochronne,Obiekt ochrony ludności,,Poznań,Poznań,wielkopolskie,52.3930626355715,16.9647257722604,"ul. Milczańska 12C, Poznań",Całodobowa
OZO-BF70C532D048,Miejsce ochronne,Obiekt ochrony ludności,,Poznań,Poznań,wielkopolskie,52.4116917,16.8831399,"ul. Szamotulska 59a, Poznań",Na żądanie
OZO-A19C90F36E03,Miejsce ochronne,Obiekt ochrony ludności,,Poznań,Poznań,wielkopolskie,52.389919792555,16.8955827839315,"ul. Hetmańska 59, Poznań",Na żądanie
OZO-034E8021D09D,Miejsce ochronne,Obiekt ochrony ludności,,Poznań,Poznań,wielkopolskie,52.4016536,16.8766278,"ul. Rycerska 13, Poznań",Na żądanie
OZO-1068A18462DD,Miejsce ochronne,Obiekt ochrony ludności,,Czerwonak,pow. poznański,wielkopolskie,52.4493108369496,16.9978139123105,"Osiedle Leśne 23, Koziegłowy",Na żądanie
OZO-F5D217D4C2B9,Miejsce ochronne,Obiekt ochrony ludności,,Czerwonak,pow. poznański,wielkopolskie,52.4487484969083,16.9980723774125,"Osiedle Leśne 29, Koziegłowy",Na żądanie
OZO-A56C951C4A09,Miejsce ochronne,Obiekt ochrony ludności,,Poznań,Poznań,wielkopolskie,52.4045065601973,16.9436802220734,"ul. Za Groblą 8, Poznań",Na żądanie
OZO-883989B7EAEB,Miejsce ochronne,Obiekt ochrony ludności,,Poznań,Poznań,wielkopolskie,52.3893165040712,16.8663274202805,"ul. Jugosłowiańska 52b, Poznań",Na żądanie
OZO-7F9AC5FFFD89,Miejsce ochronne,Obiekt ochrony ludności,,Poznań,Poznań,wielkopolskie,52.3883732885068,16.865872282938,"ul. Jugosłowiańska 54e, Poznań",Na żądanie
OZO-0E4887F92B3B,Miejsce ochronne,Obiekt ochrony ludności,,Poznań,Poznań,wielkopolskie,52.4107155934142,16.9079522936503,"ul. Juliusza Słowackiego 26a, Poznań",Na żądanie
OZO-F681F9DE0C15,Miejsce ochronne,Obiekt ochrony ludności,,Poznań,Poznań,wielkopolskie,52.3879329247633,16.8833283856538,"ul. Górczyńska 46, Poznań",Na żądanie
OZO-5C601848E1A1,Miejsce ochronne,Obiekt ochrony ludności,,Czerwonak,pow. poznański,wielkopolskie,52.4540496862921,16.9940414906504,"Osiedle Leśne 2C, Koziegłowy",Na żądanie
OZO-9ACB1D5C9E7A,Miejsce ochronne,Obiekt ochrony ludności,,Poznań,Poznań,wielkopolskie,52.4039026919771,16.915610161105,"ul. Towarowa 37, Poznań",Na żądanie
OZO-7D0F342BC478,Miejsce ochronne,Obiekt ochrony ludności,,Swarzędz,pow. poznański,wielkopolskie,52.3855476289071,17.0812690787418,"ul. Serdeczna 21, Zalasewo",Na żądanie
OZO-E86515E94045,Miejsce ochronne,Obiekt ochrony ludności,,Poznań,Poznań,wielkopolskie,52.3922884968763,16.893507015865,"ul. Gustawa Potworowskiego 10, Poznań",Na żądanie
OZO-DD3D75EF60DD,Miejsce ochronne,Obiekt ochrony ludności,,Tarnowo Podgórne,pow. poznański,wielkopolskie,52.4449177188474,16.786544258598,"ul. Szamotulska 26F, Baranowo",Na żądanie
OZO-49F98F55C97C,Miejsce ochronne,Obiekt ochrony ludności,,Czerwonak,pow. poznański,wielkopolskie,52.4528792570072,16.9955713988268,"Osiedle Leśne 4H, Koziegłowy",Na żądanie
OZO-7A404067CA8C,Miejsce ochronne,Obiekt ochrony ludności,,Czerwonak,pow. poznański,wielkopolskie,52.4529562223444,16.9963626223208,"Osiedle Leśne 4H, Koziegłowy",Na żądanie
OZO-43FA5AAF4503,Miejsce ochronne,Obiekt ochrony ludności,,Luboń,pow. poznański,wielkopolskie,52.3496141346292,16.9011946500796,"ul. 3 Maja 8, Luboń",Na żądanie
OZO-23D7BBD7A9DD,Miejsce ochronne,Obiekt ochrony ludności,,Luboń,pow. poznański,wielkopolskie,52.3505730006614,16.8754103858375,"ul. Źródlana 6, Luboń",Na żądanie
OZO-4285204FE8EC,Miejsce ochronne,Obiekt ochrony ludności,,Poznań,Poznań,wielkopolskie,52.4170721759033,16.8683248657354,"ul. Bohdana Arcta 15, Poznań",Na żądanie
OZO-68AEF9DA49EC,Miejsce ochronne,Obiekt ochrony ludności,,Poznań,Poznań,wielkopolskie,52.4302305591948,16.8974115326998,"ul. Dojazd 6, Poznań",Na żądanie
OZO-F1D4794749BD,Miejsce ochronne,Obiekt ochrony ludności,,Poznań,Poznań,wielkopolskie,52.4568427505236,16.9427913319984,"ul. Błażeja 14D, Poznań",Na żądanie
OZO-04031B3DC6FA,Miejsce ochronne,Obiekt ochrony ludności,,Poznań,Poznań,wielkopolskie,52.3867440979866,17.0312385992293,"ul. Darzyborska 1, Poznań",Na żądanie
OZO-6135D81E7A27,Miejsce ochronne,Obiekt ochrony ludności,,Poznań,Poznań,wielkopolskie,52.3869914479493,17.0308567197206,"ul. Darzyborska 4, Poznań",Na żądanie
OZO-1FC58E0B08CA,Miejsce ochronne,Obiekt ochrony ludności,,Poznań,Poznań,wielkopolskie,52.4568349128254,16.9510948113376,"ul. Boranta 15, Poznań",Na żądanie
OZO-241E7A507BCE,Miejsce ochronne,Obiekt ochrony ludności,,Poznań,Poznań,wielkopolskie,52.4508713284525,16.9473160915103,"ul. Naramowicka 203k, Poznań",Na żądanie
OZO-899E896206A2,Miejsce ochronne,Obiekt ochrony ludności,,Poznań,Poznań,wielkopolskie,52.3558183333333,16.94387,"ul. Baranowska 2, Poznań",Określone godziny
OZO-826B51C38BCB,Miejsce ochronne,Obiekt ochrony ludności,,Poznań,Poznań,wielkopolskie,52.4542564395841,16.9422350687513,"ul. Jasna Rola 36A, Poznań",Na żądanie
OZO-931BA3C2FCC6,Miejsce ochronne,Obiekt ochrony ludności,,Poznań,Poznań,wielkopolskie,52.4270483420905,16.9243904561382,"ul. Dożynkowa 9a, Poznań",Na żądanie
OZO-56E0614A1339,Miejsce ochronne,Obiekt ochrony ludności,,Poznań,Poznań,wielkopolskie,52.39341878,16.98913892,"ul. Byka 3, Poznań",Na żądanie
OZO-5291E14007E0,Miejsce ochronne,Obiekt ochrony ludności,,Poznań,Poznań,wielkopolskie,52.4560060270391,16.9429019731204,"ul. Błażeja 14A, Poznań",Na żądanie
OZO-AE6F737BB386,Miejsce ochronne,Obiekt ochrony ludności,,Poznań,Poznań,wielkopolskie,52.4282669315895,16.9150923946858,"ul. Piątkowska 87d, Poznań",Całodobowa
OZO-1760013C8F78,Miejsce ochronne,Obiekt ochrony ludności,,Poznań,Poznań,wielkopolskie,52.4376557586357,16.9192907610236,"ul. Aleje Solidarności 47, Poznań",Określone godziny
OZO-8561E7DE15B3,Miejsce ochronne,Obiekt ochrony ludności,,Poznań,Poznań,wielkopolskie,52.41225773337936,16.951687037944797,"ul. Gdańska 2, Poznań",Określone godziny
OZO-BA9165B5F9A1,Miejsce ochronne,Obiekt ochrony ludności,,Poznań,Poznań,wielkopolskie,52.3950042544452,16.9460857770076,"ul. Piastowskie 13, Poznań",Całodobowa
OZO-8E267E28650D,Miejsce ochronne,Obiekt ochrony ludności,,Poznań,Poznań,wielkopolskie,52.4288971664897,16.9541495545077,"ul. Wilczak 18, Poznań",Na żądanie
OZO-81B482F181A2,Miejsce ochronne,Obiekt ochrony ludności,,Poznań,Poznań,wielkopolskie,52.4443314463688,16.9523032722138,"ul. Karpia 22A, Poznań",Całodobowa
OZO-12FBBD67FDEC,Miejsce ochronne,Obiekt ochrony ludności,,Poznań,Poznań,wielkopolskie,52.423566519356925,16.972407102584842,"ul. Nadolnik 9, Poznań",Na żądanie
OZO-F7DDE5050B4D,Miejsce ochronne,Obiekt ochrony ludności,,Poznań,Poznań,wielkopolskie,52.4270862524262,16.9809159716402,"ul. Bałtycka 43, Poznań",Określone godziny
OZO-06CDD1B4F100,Miejsce ochronne,Obiekt ochrony ludności,,Poznań,Poznań,wielkopolskie,52.3884877014852,16.8574742865085,"ul. Jawornicka 5a, Poznań",Na żądanie
OZO-EEAF6F68AED5,Miejsce ochronne,Obiekt ochrony ludności,,Poznań,Poznań,wielkopolskie,52.4004833860398,16.9566799496857,"ul. Polanka 7e, Poznań",Całodobowa
OZO-4C012B99FDE0,Miejsce ochronne,Obiekt ochrony ludności,,Poznań,Poznań,wielkopolskie,52.3859082420721,16.9053346748568,"ul. Górecka 1, Poznań",Na żądanie
OZO-4DDA6A5193F9,Miejsce ochronne,Obiekt ochrony ludności,,Poznań,Poznań,wielkopolskie,52.3986281210956,16.9457199226753,"ul. św. Rocha 19f, Poznań",Na żądanie
OZO-99CCAFA4FACC,Miejsce ochronne,Obiekt ochrony ludności,,Poznań,Poznań,wielkopolskie,52.3981791608743,16.9461343172317,"ul. św. Rocha 19e, Poznań",Na żądanie
OZO-336E52D1D8E8,Miejsce ochronne,Obiekt ochrony ludności,,Poznań,Poznań,wielkopolskie,52.4322194566046,16.9436106621503,"ul. Naramowicka 47C, Poznań",Całodobowa
OZO-B5E231E2D09F,Miejsce ochronne,Obiekt ochrony ludności,,Poznań,Poznań,wielkopolskie,52.4223373506791,16.9682749544408,"ul. Mariacka 10, Poznań",Na żądanie
OZO-48ECF5BF9F80,Miejsce ochronne,Obiekt ochrony ludności,,Poznań,Poznań,wielkopolskie,52.4063851670888,16.9279719461214,"ul. Marcin Święty 24, Poznań",Określone godziny
OZO-579B953D3666,Miejsce ochronne,Obiekt ochrony ludności,,Poznań,Poznań,wielkopolskie,52.4276126794268,16.9347320657631,"ul. Na Murawie 11B, Poznań",Na żądanie
OZO-F9AD368F76D3,Miejsce ochronne,Obiekt ochrony ludności,,Poznań,Poznań,wielkopolskie,52.45524415395,16.9420310095614,"ul. Błażeja 11C, Poznań",Całodobowa
OZO-A7236E5928A4,Miejsce ochronne,Obiekt ochrony ludności,,Poznań,Poznań,wielkopolskie,52.4642806492391,16.9201308966107,"ul. Stefana Batorego 80D, Poznań",Całodobowa
OZO-A984828C7608,Miejsce ochronne,Obiekt ochrony ludności,,Poznań,Poznań,wielkopolskie,52.4298993040941,16.9557312878163,"ul. Serbska 8A, Poznań",Na żądanie
OZO-BC6E5A40285F,Miejsce ochronne,Obiekt ochrony ludności,,Poznań,Poznań,wielkopolskie,52.4004323008133,16.9640813891719,"ul. Katowicka 9b, Poznań",Całodobowa
OZO-3448881D677C,Miejsce ochronne,Obiekt ochrony ludności,,Poznań,Poznań,wielkopolskie,52.42107905,16.91325723,"ul. Drzymały Michała 12B, Poznań",Na żądanie
OZO-8711E5FECEAA,Miejsce ochronne,Obiekt ochrony ludności,,Poznań,Poznań,wielkopolskie,52.42644637,16.92171729,"ul. Starowiejska 1a, Poznań",Na żądanie
OZO-381A2F372B05,Miejsce ochronne,Obiekt ochrony ludności,,Poznań,Poznań,wielkopolskie,52.4484718267483,16.9173958984562,"ul. Bolesława Chrobrego 28, Poznań",Całodobowa
OZO-E40A1BFDB93B,Miejsce ochronne,Obiekt ochrony ludności,,Poznań,Poznań,wielkopolskie,52.41255759,16.93981489,"ul. Piaskowa 8, Poznań",Na żądanie
OZO-E18E53BFA0B6,Miejsce ochronne,Obiekt ochrony ludności,,Poznań,Poznań,wielkopolskie,52.3995854570818,16.9460895852209,"ul. św. Rocha 19b, Poznań",Na żądanie
OZO-4FD913C83509,Miejsce ochronne,Obiekt ochrony ludności,,Poznań,Poznań,wielkopolskie,52.4644874572253,16.9193129987187,"ul. Stefana Batorego 79F, Poznań",Całodobowa
OZO-D2C2E17D7776,Miejsce ochronne,Obiekt ochrony ludności,,Poznań,Poznań,wielkopolskie,52.4329477316632,16.9454023571587,"ul. Serbska 15, Poznań",Całodobowa
OZO-8791C90A1860,Miejsce ochronne,Obiekt ochrony ludności,,Czerwonak,pow. poznański,wielkopolskie,52.4484700000001,16.9931700000001,"Osiedle Leśne 20, Koziegłowy",Całodobowa
OZO-6EB120A8ACE4,Miejsce ochronne,Obiekt ochrony ludności,,Poznań,Poznań,wielkopolskie,52.412339832195,16.9412385875957,"ul. Szyperska 13, Poznań",Na żądanie
OZO-1071C9EC6485,Miejsce ochronne,Obiekt ochrony ludności,,Poznań,Poznań,wielkopolskie,52.4286383461534,16.9521921331166,"ul. Czapla 21, Poznań",Na żądanie
OZO-02E4C5BCD041,Miejsce ochronne,Obiekt ochrony ludności,,Poznań,Poznań,wielkopolskie,52.3962859594884,16.9347831106406,"Droga Dębińska 15, Poznań",Całodobowa
OZO-4F7A27A53371,Miejsce ochronne,Obiekt ochrony ludności,,Poznań,Poznań,wielkopolskie,52.3884636183217,16.922693027493,"ul. Dolna Wilda 80A, Poznań",Na żądanie
OZO-AD7C501AD75B,Miejsce ochronne,Obiekt ochrony ludności,,Poznań,Poznań,wielkopolskie,52.4571162293348,16.9439116571778,"ul. Błażeja 10D, Poznań",Na żądanie
OZO-591D60B45DC9,Miejsce ochronne,Obiekt ochrony ludności,,Poznań,Poznań,wielkopolskie,52.4574365740229,16.9438472841615,"ul. Błażeja 10E, Poznań",Na żądanie
OZO-51E6760685A9,Miejsce ochronne,Obiekt ochrony ludności,,Poznań,Poznań,wielkopolskie,52.4073091588993,16.8782754347761,"ul. Brzask 10B, Poznań",Na żądanie
OZO-C3B49948A993,Miejsce ochronne,Obiekt ochrony ludności,,Poznań,Poznań,wielkopolskie,52.4564624574338,16.9439974878663,"ul. Błażeja 10B, Poznań",Na żądanie
OZO-BF6AFE9E4C90,Miejsce ochronne,Obiekt ochrony ludności,,Poznań,Poznań,wielkopolskie,52.4567762691577,16.943943843686,"ul. Błażeja 10C, Poznań",Na żądanie
OZO-D12010B80F65,Miejsce ochronne,Obiekt ochrony ludności,,Poznań,Poznań,wielkopolskie,52.4577307660713,16.9438687418336,"ul. Błażeja 10F, Poznań",Na żądanie
OZO-DA68D74A1FF0,Miejsce ochronne,Obiekt ochrony ludności,,Poznań,Poznań,wielkopolskie,52.4579988060041,16.9438043688172,"ul. Błażeja 10, Poznań",Na żądanie
OZO-FF613CCF334A,Miejsce ochronne,Obiekt ochrony ludności,,Poznań,Poznań,wielkopolskie,52.458292994296,16.9437829111451,"ul. Błażeja 10, Poznań",Na żądanie
OZO-9B23E56A641F,Miejsce ochronne,Obiekt ochrony ludności,,Poznań,Poznań,wielkopolskie,52.4585675682617,16.943772182309,"ul. Błażeja 10, Poznań",Na żądanie
OZO-546E97DAEB01,Miejsce ochronne,Obiekt ochrony ludności,,Luboń,pow. poznański,wielkopolskie,52.34402609628337,16.88199951385836,"Aleja Jana Pawła II 10A, Luboń",Na żądanie
OZO-4DFE183F636C,Miejsce ochronne,Obiekt ochrony ludności,,Kleszczewo,pow. poznański,wielkopolskie,52.34559691,17.06295305,"ul. Poznańska 3, Tulce",Na żądanie
OZO-D48D2EB0DD01,Miejsce ochronne,Obiekt ochrony ludności,,Luboń,pow. poznański,wielkopolskie,52.3474675358305,16.8979164526471,"ul. Adama Asnyka 8, Luboń",Na żądanie
OZO-215A4655ACDD,Miejsce ochronne,Obiekt ochrony ludności,,Mosina,pow. poznański,wielkopolskie,52.3291999999948,16.9168511018677,"ul. Sowia 3B, Czapury",Na żądanie
OZO-4842737396CB,Miejsce ochronne,Obiekt ochrony ludności,,Mosina,pow. poznański,wielkopolskie,52.3295442225839,16.9149440512579,"ul. Sowia 13A, Czapury",Na żądanie
OZO-DB9FBB65CC70,Miejsce ochronne,Obiekt ochrony ludności,,Mosina,pow. poznański,wielkopolskie,52.3288361046309,16.9162315115853,"ul. Wiewiórcza 4B, Czapury",Na żądanie
OZO-FE327030B579,Miejsce ochronne,Obiekt ochrony ludności,,Mosina,pow. poznański,wielkopolskie,52.3294281233318,16.9155923914703,"ul. Sowia 9A, Czapury",Na żądanie
OZO-772440691B15,Miejsce ochronne,Obiekt ochrony ludności,,Tarnowo Podgórne,pow. poznański,wielkopolskie,52.4446388694876,16.7864875038148,"ul. Szamotulska 26E, Baranowo",Na żądanie
OZO-AB20310BC9B2,Miejsce ochronne,Obiekt ochrony ludności,,Tarnowo Podgórne,pow. poznański,wielkopolskie,52.4452902478262,16.78688280538,"ul. Szamotulska 26I, Baranowo",Na żądanie
OZO-E710F5E2357B,Miejsce ochronne,Obiekt ochrony ludności,,Poznań,Poznań,wielkopolskie,52.3833471991169,16.8447027744696,"ul. Ziębicka 20, Poznań",Na żądanie
OZO-89ECAF549667,Miejsce ochronne,Obiekt ochrony ludności,,Poznań,Poznań,wielkopolskie,52.4003176983156,16.8972165446018,"ul. Juliusza Kossaka 15, Poznań",Na żądanie
OZO-E7D642A87F9A,Miejsce ochronne,Obiekt ochrony ludności,,Poznań,Poznań,wielkopolskie,52.389097280743,16.8525195443933,"ul. Grunwaldzka 224B, Poznań",Na żądanie
OZO-32DA0DF11FBE,Miejsce ochronne,Obiekt ochrony ludności,,Poznań,Poznań,wielkopolskie,52.3807490897346,16.8860860973784,"ul. Metalowa 7, Poznań",Na żądanie
OZO-11F14CF5D690,Miejsce ochronne,Obiekt ochrony ludności,,Poznań,Poznań,wielkopolskie,52.4061366851352,16.866099580093,"ul. Kolorowa 8, Poznań",Na żądanie
OZO-5C7A880FDD6F,Miejsce ochronne,Obiekt ochrony ludności,,Poznań,Poznań,wielkopolskie,52.3936458340771,16.9871349548342,"ul. Lwa 25, Poznań",Na żądanie
OZO-0BE4B930324F,Miejsce ochronne,Obiekt ochrony ludności,,Poznań,Poznań,wielkopolskie,52.4082711305919,16.8671841806245,"ul. Pastelowa 12, Poznań",Na żądanie
OZO-CE314D266839,Miejsce ochronne,Obiekt ochrony ludności,,Poznań,Poznań,wielkopolskie,52.407400523568,16.8659293266135,"ul. Pastelowa 6, Poznań",Na żądanie
OZO-11752BE5DBAD,Miejsce ochronne,Obiekt ochrony ludności,,Poznań,Poznań,wielkopolskie,52.4506920999973,16.9113761999991,"ul. Bolesława Chrobrego 122, Poznań",Całodobowa
OZO-26846DE3674D,Miejsce ochronne,Obiekt ochrony ludności,,Poznań,Poznań,wielkopolskie,52.4082195594545,16.8999981705031,"ul. Bukowska 25a, Poznań",Na żądanie
OZO-0CF34A91EF7B,Miejsce ochronne,Obiekt ochrony ludności,,Poznań,Poznań,wielkopolskie,52.4300080455979,16.9211652674345,"ul. Przyjaźni 141, Poznań",Na żądanie
OZO-975F2BA6D517,Miejsce ochronne,Obiekt ochrony ludności,,Poznań,Poznań,wielkopolskie,52.4676538454099,16.9385112466607,"ul. Romana Drewsa 1, Poznań",Na żądanie
OZO-C104C51EE1D1,Miejsce ochronne,Obiekt ochrony ludności,,Poznań,Poznań,wielkopolskie,52.4386406079145,16.928800021528,"ul. Zwycięstwa 5M, Poznań",Na żądanie
OZO-D7A597DFAF32,Miejsce ochronne,Obiekt ochrony ludności,,Poznań,Poznań,wielkopolskie,52.4387522379465,16.9281396424528,"ul. Zwycięstwa 5L, Poznań",Na żądanie
OZO-97322180F2EE,Miejsce ochronne,Obiekt ochrony ludności,,Poznań,Poznań,wielkopolskie,52.4207044011958,16.9699738516061,"ul. Błażeja 38, Poznań",Na żądanie
OZO-499255EE6707,Miejsce ochronne,Obiekt ochrony ludności,,Poznań,Poznań,wielkopolskie,52.4509102211285,16.9322182268709,"ul. Dalemińska 11B, Poznań",Na żądanie
OZO-21B8A1D04735,Miejsce ochronne,Obiekt ochrony ludności,,Poznań,Poznań,wielkopolskie,52.4044749734887,16.9245486466963,"ul. Ratajczaka Franciszka 10/12, Poznań",Na żądanie
OZO-3998D0097DC1,Miejsce ochronne,Obiekt ochrony ludności,,Poznań,Poznań,wielkopolskie,52.4290967417415,16.9480462581033,"ul. Ugory 67, Poznań",Na żądanie
OZO-E0D7DE0DB139,Miejsce ochronne,Obiekt ochrony ludności,,Poznań,Poznań,wielkopolskie,52.4392534943481,16.9293878306306,"ul. Zwycięstwa 5G, Poznań",Na żądanie
OZO-3756D221CBB8,Miejsce ochronne,Obiekt ochrony ludności,,Poznań,Poznań,wielkopolskie,52.4554607,16.903277,"ul. Franciszka Stróżyńskiego 13A, Poznań",Na żądanie
OZO-B8A830EA2C84,Miejsce ochronne,Obiekt ochrony ludności,,Luboń,pow. poznański,wielkopolskie,52.3452663504903,16.8803013159492,"ul. Kazimierza Pułaskiego 30A, Luboń",Na żądanie
OZO-E0D1C5CB264B,Miejsce ochronne,Obiekt ochrony ludności,,Poznań,Poznań,wielkopolskie,52.3775399301097,16.9151262738347,"ul. Saperska 46E, Poznań",Na żądanie
OZO-F1F96FBF1752,Miejsce ochronne,Obiekt ochrony ludności,,Poznań,Poznań,wielkopolskie,52.3774277383357,16.9156157769801,"ul. Saperska 46D, Poznań",Na żądanie
OZO-A43990E72CEA,Miejsce ochronne,Obiekt ochrony ludności,,Poznań,Poznań,wielkopolskie,52.3788807831606,16.9161795437877,"ul. Saperska 38C, Poznań",Na żądanie
OZO-1C4479C62E82,Miejsce ochronne,Obiekt ochrony ludności,,Poznań,Poznań,wielkopolskie,52.3792466113247,16.9164381255007,"ul. Saperska 38F, Poznań",Na żądanie
OZO-F9EC3B438B57,Miejsce ochronne,Obiekt ochrony ludności,,Poznań,Poznań,wielkopolskie,52.4597021566856,16.9215485707577,"ul. Henryka Opieńskiego 8, Poznań",Na żądanie
OZO-E697DFC5E798,Miejsce ochronne,Obiekt ochrony ludności,,Poznań,Poznań,wielkopolskie,52.3779340891065,16.9154151980371,"ul. Saperska 46F, Poznań",Na żądanie
OZO-54ACB6CA4A68,Miejsce ochronne,Obiekt ochrony ludności,,Poznań,Poznań,wielkopolskie,52.437406,16.9866036,"ul. Energetyczna 3, Poznań",Na żądanie
OZO-3C474E54FE91,Miejsce ochronne,Obiekt ochrony ludności,,Poznań,Poznań,wielkopolskie,52.3937984123139,16.8985533152694,"ul. Głogowska 89A, Poznań",Na żądanie
OZO-9D9E136C6312,Miejsce ochronne,Obiekt ochrony ludności,,Poznań,Poznań,wielkopolskie,52.3837908182218,16.9179821558846,"ul. Hetmańska 102, Poznań",Na żądanie
OZO-3181D7CE100D,Miejsce ochronne,Obiekt ochrony ludności,,Poznań,Poznań,wielkopolskie,52.4029299904273,16.8880224030932,"ul. Przybyszewskiego Stanisława 49, Poznań",Na żądanie
OZO-DAC790AE86B0,Miejsce ochronne,Obiekt ochrony ludności,,Poznań,Poznań,wielkopolskie,52.4039211225392,16.9361563969838,"pl. Bernardyński 1, Poznań",Na żądanie
OZO-A46DBE5179EC,Miejsce ochronne,Obiekt ochrony ludności,,Poznań,Poznań,wielkopolskie,52.3984982110729,16.8722406041651,"ul. Marszałkowska 4, Poznań",Na żądanie
OZO-97534D1DB7D8,Miejsce ochronne,Obiekt ochrony ludności,,Poznań,Poznań,wielkopolskie,52.4047343566508,16.8795656209789,"ul. Marcelińska 61, Poznań",Na żądanie
OZO-221F911686DD,Miejsce ochronne,Obiekt ochrony ludności,,Poznań,Poznań,wielkopolskie,52.3998339553205,16.8722761380062,"ul. Podstolińska 8, Poznań",Na żądanie
OZO-B1FD1A7D5E2B,Miejsce ochronne,Obiekt ochrony ludności,,Poznań,Poznań,wielkopolskie,52.4047400675261,16.8768233566308,"ul. Marcelińska 71, Poznań",Na żądanie
OZO-F911FE441DE2,Miejsce ochronne,Obiekt ochrony ludności,,Poznań,Poznań,wielkopolskie,52.3709635307859,16.9054802958408,"ul. Jaworowa 21, Poznań",Na żądanie
OZO-053A362B15E9,Miejsce ochronne,Obiekt ochrony ludności,,Poznań,Poznań,wielkopolskie,52.4142675035046,16.8916622767364,"ul. Galla Anonima 21, Poznań",Na żądanie
OZO-B8087F0C8516,Miejsce ochronne,Obiekt ochrony ludności,,Poznań,Poznań,wielkopolskie,52.4152938397473,16.8817064780977,"ul. Nowy Świat 8a, Poznań",Na żądanie
OZO-D1E36A4880C6,Miejsce ochronne,Obiekt ochrony ludności,,Poznań,Poznań,wielkopolskie,52.3909306768688,16.8930150813852,"ul. Marcina Kasprzaka 34c, Poznań",Na żądanie
OZO-76A62A9C0242,Miejsce ochronne,Obiekt ochrony ludności,,Poznań,Poznań,wielkopolskie,52.4076664,16.8818772,"ul. Szamotulska 33, Poznań",Na żądanie
OZO-A4DB66B829BC,Miejsce ochronne,Obiekt ochrony ludności,,Poznań,Poznań,wielkopolskie,52.3890741791962,16.8886058906465,"ul. Kazimierza Jarochowskiego 62, Poznań",Na żądanie
OZO-87C029FD7280,Miejsce ochronne,Obiekt ochrony ludności,,Poznań,Poznań,wielkopolskie,52.3904728714332,16.8757729869689,"ul. Brzeźnicka 10, Poznań",Na żądanie
OZO-F6C913DCC1B9,Miejsce ochronne,Obiekt ochrony ludności,,Poznań,Poznań,wielkopolskie,52.3813876,16.8502844,"ul. Junikowska 35, Poznań",Na żądanie
OZO-B841CEF14BCA,Miejsce ochronne,Obiekt ochrony ludności,,Poznań,Poznań,wielkopolskie,52.3934125725149,16.8994513605253,"ul. Chłodna 7, Poznań",Na żądanie
OZO-B024347F9CA1,Miejsce ochronne,Obiekt ochrony ludności,,Poznań,Poznań,wielkopolskie,52.4038267519343,16.892930742769,"ul. Grunwaldzka 37a, Poznań",Na żądanie
OZO-C955CBA1A9A5,Miejsce ochronne,Obiekt ochrony ludności,,Poznań,Poznań,wielkopolskie,52.4051739333222,16.8962320391537,"ul. Marcelińska 8a, Poznań",Na żądanie
OZO-2BD8C492C48D,Miejsce ochronne,Obiekt ochrony ludności,,Poznań,Poznań,wielkopolskie,52.3930838761819,16.8995490096973,"ul. Lodowa 10, Poznań",Na żądanie
OZO-1C9299ACBC15,Miejsce ochronne,Obiekt ochrony ludności,,Poznań,Poznań,wielkopolskie,52.4005845060575,16.8747893706312,"ul. Husarska 4, Poznań",Na żądanie
OZO-7EA704003F59,Miejsce ochronne,Obiekt ochrony ludności,,Poznań,Poznań,wielkopolskie,52.4016785539694,16.8959944960177,"ul. Ułańska 22A, Poznań",Na żądanie
OZO-C30F3ADA6C2D,Miejsce ochronne,Obiekt ochrony ludności,,Poznań,Poznań,wielkopolskie,52.4010494502266,16.8769898716719,"ul. Pawła Włodkowica 11, Poznań",Na żądanie
OZO-E0977FEE3483,Miejsce ochronne,Obiekt ochrony ludności,,Poznań,Poznań,wielkopolskie,52.3956491027049,16.898226759712,"ul. Andrzeja i Władysława Niegolewskich 15, Poznań",Na żądanie
OZO-0152431D09C1,Miejsce ochronne,Obiekt ochrony ludności,,Poznań,Poznań,wielkopolskie,52.3954664321595,16.8977088466742,"ul. Marcina Kasprzaka 1a, Poznań",Na żądanie
OZO-8C1C238B4F15,Miejsce ochronne,Obiekt ochrony ludności,,Poznań,Poznań,wielkopolskie,52.4133121096836,16.9647634833991,"ul. Michała św. 39/41, Poznań",Na żądanie
OZO-8D64D054E698,Miejsce ochronne,Obiekt ochrony ludności,,Poznań,Poznań,wielkopolskie,52.39900105281,16.8726596365082,"ul. Marszałkowska 8b, Poznań",Na żądanie
OZO-93284F10223E,Miejsce ochronne,Obiekt ochrony ludności,,Poznań,Poznań,wielkopolskie,52.40102665145,16.8747163642546,"ul. Husarska 8, Poznań",Na żądanie
OZO-9CCB23A582B8,Miejsce ochronne,Obiekt ochrony ludności,,Poznań,Poznań,wielkopolskie,52.3994986874328,16.8755640514017,"ul. Grochowska 49, Poznań",Na żądanie
OZO-6898A2185E25,Miejsce ochronne,Obiekt ochrony ludności,,Poznań,Poznań,wielkopolskie,52.3970443673418,16.8770276740552,"ul. Józefa Sowińskiego 34, Poznań",Na żądanie
OZO-893C499C36E2,Miejsce ochronne,Obiekt ochrony ludności,,Poznań,Poznań,wielkopolskie,52.4078801564909,16.8982922271352,"ul. Bukowska 26a, Poznań",Na żądanie
OZO-22FE13FF3311,Miejsce ochronne,Obiekt ochrony ludności,,Poznań,Poznań,wielkopolskie,52.3914832224043,16.8909785840676,"ul. Hetmańska 29, Poznań",Na żądanie
OZO-57AD8CF32CA1,Miejsce ochronne,Obiekt ochrony ludności,,Poznań,Poznań,wielkopolskie,52.3953617200637,16.9050701598892,"ul. Edmunda Calliera 6, Poznań",Na żądanie
OZO-D0A771956FA5,Miejsce ochronne,Obiekt ochrony ludności,,Poznań,Poznań,wielkopolskie,52.391980733884,16.8925750073217,"ul. Józefa Chociszewskiego 16, Poznań",Na żądanie
OZO-46D758484CE1,Miejsce ochronne,Obiekt ochrony ludności,,Poznań,Poznań,wielkopolskie,52.3921633333333,16.8893166666667,"ul. Hetmańska 15/19b, Poznań",Na żądanie
OZO-1CD7A5B71A4B,Miejsce ochronne,Obiekt ochrony ludności,,Poznań,Poznań,wielkopolskie,52.39113,16.8919766666667,"ul. Hetmańska 35, Poznań",Na żądanie
OZO-15B04F105246,Miejsce ochronne,Obiekt ochrony ludności,,Poznań,Poznań,wielkopolskie,52.3926534,16.8862845,"ul. Krzysztofa Arciszewskiego 1, Poznań",Na żądanie
OZO-4EDD12FCA8C7,Miejsce ochronne,Obiekt ochrony ludności,,Poznań,Poznań,wielkopolskie,52.4100013647275,16.8841669600849,"ul. Bukowska 94, Poznań",Na żądanie
OZO-FB653E874AD1,Miejsce ochronne,Obiekt ochrony ludności,,Poznań,Poznań,wielkopolskie,52.3920718320718,16.8922460847232,"ul. Józefa Chociszewskiego 18, Poznań",Na żądanie
OZO-F8661B1A722F,Miejsce ochronne,Obiekt ochrony ludności,,Poznań,Poznań,wielkopolskie,52.3926400750248,16.8895182263847,"ul. Józefa Chociszewskiego 33, Poznań",Na żądanie
OZO-681F9F1D207F,Miejsce ochronne,Obiekt ochrony ludności,,Poznań,Poznań,wielkopolskie,52.4022514,16.8660192,"ul. Bułgarska 76b, Poznań",Na żądanie
OZO-CA8490202F82,Miejsce ochronne,Obiekt ochrony ludności,,Poznań,Poznań,wielkopolskie,52.4046389164425,16.8905046008949,"ul. Niecała 3, Poznań",Na żądanie
OZO-A4B7042A5972,Miejsce ochronne,Obiekt ochrony ludności,,Poznań,Poznań,wielkopolskie,52.401090813949,16.8827939893964,"ul. Grunwaldzka 59, Poznań",Na żądanie
OZO-F4F3F86879D0,Miejsce ochronne,Obiekt ochrony ludności,,Poznań,Poznań,wielkopolskie,52.3990333051294,16.8733824496681,"ul. Grunwaldzka 85e, Poznań",Na żądanie
OZO-2CBC01B4F2C3,Miejsce ochronne,Obiekt ochrony ludności,,Poznań,Poznań,wielkopolskie,52.3862162490794,16.8882092722575,"ul. Kosynierska 10B, Poznań",Na żądanie
OZO-E9782355FB77,Miejsce ochronne,Obiekt ochrony ludności,,Poznań,Poznań,wielkopolskie,52.4130770285037,16.8895766889614,"ul. Stanisława Przybyszewskiego 26, Poznań",Na żądanie
OZO-1EDE8CD9C905,Miejsce ochronne,Obiekt ochrony ludności,,Poznań,Poznań,wielkopolskie,52.4051093926677,16.8928395476624,"ul. Marcelińska 24, Poznań",Na żądanie
OZO-8A0D7D0AD4A0,Miejsce ochronne,Obiekt ochrony ludności,,Poznań,Poznań,wielkopolskie,52.3963607047167,16.9014575659934,"ul. Głogowska 65, Poznań",Na żądanie
OZO-A1EE7F1DD0EF,Miejsce ochronne,Obiekt ochrony ludności,,Poznań,Poznań,wielkopolskie,52.4098888107584,16.8852667696418,"ul. Bukowska 88, Poznań",Na żądanie
OZO-7305062E2950,Miejsce ochronne,Obiekt ochrony ludności,,Poznań,Poznań,wielkopolskie,52.4110901197531,16.8823728895292,"ul. Bukowska 69a, Poznań",Na żądanie
OZO-079FE4B53C88,Miejsce ochronne,Obiekt ochrony ludności,,Poznań,Poznań,wielkopolskie,52.4016654678486,16.8970129319118,"ul. Artura Grottgera 7, Poznań",Na żądanie
OZO-DC1CC0CC31AA,Miejsce ochronne,Obiekt ochrony ludności,,Poznań,Poznań,wielkopolskie,52.4055682907314,16.8779458512975,"ul. Międzychodzka 4b, Poznań",Na żądanie
OZO-4310311598D8,Miejsce ochronne,Obiekt ochrony ludności,,Poznań,Poznań,wielkopolskie,52.3955056,16.9034109,"ul. Józefa Łukaszewicza 3, Poznań",Na żądanie
OZO-AA70C489C47F,Miejsce ochronne,Obiekt ochrony ludności,,Poznań,Poznań,wielkopolskie,52.3982995389033,16.8717203892943,"ul. Marszałkowska 1a, Poznań",Na żądanie
OZO-3AB4EA85F9A8,Miejsce ochronne,Obiekt ochrony ludności,,Poznań,Poznań,wielkopolskie,52.3877215380787,16.9051989474165,"ul. Kolejowa 23, Poznań",Na żądanie
OZO-0E4E427420E4,Miejsce ochronne,Obiekt ochrony ludności,,Poznań,Poznań,wielkopolskie,52.3907996900504,16.9043907897277,"ul. Kolejowa 30, Poznań",Na żądanie
OZO-C36DAED94F94,Miejsce ochronne,Obiekt ochrony ludności,,Poznań,Poznań,wielkopolskie,52.3926740011166,16.903198657978,"ul. Józefa Łukaszewicza 23, Poznań",Na żądanie
OZO-2C35DC5330F4,Miejsce ochronne,Obiekt ochrony ludności,,Poznań,Poznań,wielkopolskie,52.402121,16.8737016,"ul. Rycerska 27, Poznań",Na żądanie
OZO-033EE216A1F2,Miejsce ochronne,Obiekt ochrony ludności,,Poznań,Poznań,wielkopolskie,52.405519055142,16.8779433427272,"ul. Międzychodzka 4b, Poznań",Na żądanie
OZO-6E7A04C16185,Miejsce ochronne,Obiekt ochrony ludności,,Poznań,Poznań,wielkopolskie,52.4022704,16.8742435,"ul. Rycerska 23, Poznań",Na żądanie
OZO-00107A07D2FE,Miejsce ochronne,Obiekt ochrony ludności,,Poznań,Poznań,wielkopolskie,52.3968119645565,16.8775265287687,"ul. Józefa Sowińskiego 30/32, Poznań",Na żądanie
OZO-45CF42AC8928,Miejsce ochronne,Obiekt ochrony ludności,,Poznań,Poznań,wielkopolskie,52.3923480457966,16.8943346303501,"ul. Gustawa Potworowskiego 13, Poznań",Na żądanie
OZO-ABE1B0C646A2,Miejsce ochronne,Obiekt ochrony ludności,,Poznań,Poznań,wielkopolskie,52.3973900872914,16.8765378186197,"ul. Józefa Sowińskiego 40, Poznań",Na żądanie
OZO-AB131DEB74D8,Miejsce ochronne,Obiekt ochrony ludności,,Poznań,Poznań,wielkopolskie,52.3879001719821,16.865930369527,"ul. Jugosłowiańska 54b, Poznań",Na żądanie
OZO-40A06F6795B1,Miejsce ochronne,Obiekt ochrony ludności,,Poznań,Poznań,wielkopolskie,52.4014948645614,16.8746633906265,"ul. Husarska 12, Poznań",Na żądanie
OZO-C910140E1222,Miejsce ochronne,Obiekt ochrony ludności,,Poznań,Poznań,wielkopolskie,52.4048006111169,16.8922996592226,"ul. Wojskowa 23, Poznań",Na żądanie
OZO-3B24D9048E7E,Miejsce ochronne,Obiekt ochrony ludności,,Poznań,Poznań,wielkopolskie,52.3917831,16.9037889,"ul. Józefa Łukaszewicza 35d, Poznań",Na żądanie
OZO-1D45DDC056D7,Miejsce ochronne,Obiekt ochrony ludności,,Poznań,Poznań,wielkopolskie,52.3909711478577,16.8980025372652,"ul. Klaudyny Potockiej 31, Poznań",Na żądanie
OZO-042B74C03F7C,Miejsce ochronne,Obiekt ochrony ludności,,Poznań,Poznań,wielkopolskie,52.3892750136504,16.8655346598781,"ul. Jugosłowiańska 52e, Poznań",Na żądanie
OZO-23FBAF077778,Miejsce ochronne,Obiekt ochrony ludności,,Poznań,Poznań,wielkopolskie,52.3885015735349,16.8642286755444,"ul. Jana Keplera 8a, Poznań",Na żądanie
OZO-4A009E9822BD,Miejsce ochronne,Obiekt ochrony ludności,,Poznań,Poznań,wielkopolskie,52.3893261013503,16.8665288374138,"ul. Jugosłowiańska 52a, Poznań",Na żądanie
OZO-629E54D3E004,Miejsce ochronne,Obiekt ochrony ludności,,Poznań,Poznań,wielkopolskie,52.3888032382302,16.8658059820839,"ul. Jugosłowiańska 54h, Poznań",Na żądanie
OZO-BBEBCEDC94F1,Miejsce ochronne,Obiekt ochrony ludności,,Poznań,Poznań,wielkopolskie,52.389263278986,16.8653297223455,"ul. Jugosłowiańska 52f, Poznań",Na żądanie
OZO-796C5B9B6DE3,Miejsce ochronne,Obiekt ochrony ludności,,Poznań,Poznań,wielkopolskie,52.3892920289139,16.8658268530228,"ul. Jugosłowiańska 52d, Poznań",Na żądanie
OZO-E37B17E79108,Miejsce ochronne,Obiekt ochrony ludności,,Poznań,Poznań,wielkopolskie,52.3892789057935,16.8660325054749,"ul. Jugosłowiańska 52c, Poznań",Na żądanie
OZO-FC40343A7D87,Miejsce ochronne,Obiekt ochrony ludności,,Poznań,Poznań,wielkopolskie,52.3880704084356,16.8659137733588,"ul. Jugosłowiańska 54c, Poznań",Na żądanie
OZO-F6561BE3A66B,Miejsce ochronne,Obiekt ochrony ludności,,Poznań,Poznań,wielkopolskie,52.3890720560231,16.8642707819234,"ul. Jana Keplera 8c, Poznań",Na żądanie
OZO-10AAB6AA0570,Miejsce ochronne,Obiekt ochrony ludności,,Poznań,Poznań,wielkopolskie,52.388776332321,16.8642372250856,"ul. Jana Keplera 8b, Poznań",Na żądanie
OZO-2AC5806FB551,Miejsce ochronne,Obiekt ochrony ludności,,Poznań,Poznań,wielkopolskie,52.4299246875709,16.903027164239,"ul. Wojska Polskiego 50, Poznań",Na żądanie
OZO-CDFD9AE1966F,Miejsce ochronne,Obiekt ochrony ludności,,Poznań,Poznań,wielkopolskie,52.410234371537,16.9052911084147,"ul. Adama Asnyka 7, Poznań",Na żądanie
OZO-820A672688D2,Miejsce ochronne,Obiekt ochrony ludności,,Poznań,Poznań,wielkopolskie,52.4287834,16.9084369,"ul. Winiarska 1, Poznań",Na żądanie
OZO-5E08E2694552,Miejsce ochronne,Obiekt ochrony ludności,,Poznań,Poznań,wielkopolskie,52.4277161666649,16.9013775134918,"ul. Wojska Polskiego 52, Poznań",Określone godziny
OZO-91A77456FF05,Miejsce ochronne,Obiekt ochrony ludności,,Poznań,Poznań,wielkopolskie,52.4258303394451,16.924908625393,"ul. Dożynkowa 16a, Poznań",Na żądanie
OZO-CEBF386A8516,Miejsce ochronne,Obiekt ochrony ludności,,Poznań,Poznań,wielkopolskie,52.4260680031002,16.9254958615279,"ul. Dożynkowa 9g, Poznań",Na żądanie
OZO-0A4BF4314E3A,Miejsce ochronne,Obiekt ochrony ludności,,Poznań,Poznań,wielkopolskie,52.4133654270567,16.8860069476069,"ul. Grodziska 113, Poznań",Na żądanie
OZO-5959B71B90F2,Miejsce ochronne,Obiekt ochrony ludności,,Poznań,Poznań,wielkopolskie,52.4126293712687,16.9111696161196,"ul. Zygmunta Krasińskiego 15/17a, Poznań",Na żądanie
OZO-13F690EF2B8C,Miejsce ochronne,Obiekt ochrony ludności,,Poznań,Poznań,wielkopolskie,52.414621743586,16.8922539111676,"ul. Jana Długosza 2a, Poznań",Na żądanie
OZO-75440D57ED48,Miejsce ochronne,Obiekt ochrony ludności,,Poznań,Poznań,wielkopolskie,52.4108063336367,16.9074441196434,"ul. Juliusza Słowackiego 28a, Poznań",Na żądanie
OZO-1563E83C9DBF,Miejsce ochronne,Obiekt ochrony ludności,,Poznań,Poznań,wielkopolskie,52.4099623215877,16.9049809272512,"ul. Henryka Sienkiewicza 11, Poznań",Na żądanie
OZO-4D8C785954F2,Miejsce ochronne,Obiekt ochrony ludności,,Poznań,Poznań,wielkopolskie,52.4101946039039,16.8945709057158,"ul. Maksymiliana Jackowskiego 44, Poznań",Na żądanie
OZO-7AA5E1484FB1,Miejsce ochronne,Obiekt ochrony ludności,,Poznań,Poznań,wielkopolskie,52.4122263828349,16.9131754696896,"ul. Zygmunta Krasińskiego 5, Poznań",Na żądanie
OZO-DDC1F689FEC1,Miejsce ochronne,Obiekt ochrony ludności,,Poznań,Poznań,wielkopolskie,52.4126683477039,16.8969347962952,"ul. Polna 11/13, Poznań",Na żądanie
OZO-111834E3BEAD,Miejsce ochronne,Obiekt ochrony ludności,,Poznań,Poznań,wielkopolskie,52.4091339519827,16.8938626580683,"ul. Polna 56b, Poznań",Na żądanie
OZO-7F16E50A5D84,Miejsce ochronne,Obiekt ochrony ludności,,Poznań,Poznań,wielkopolskie,52.413824342444,16.8852857104508,"ul. Szamotulska 78, Poznań",Na żądanie
OZO-267B1BBBCCF0,Miejsce ochronne,Obiekt ochrony ludności,,Poznań,Poznań,wielkopolskie,52.4118595020274,16.8838134539673,"ul. Szamotulska 59, Poznań",Na żądanie
OZO-DB916F7CDB6B,Miejsce ochronne,Obiekt ochrony ludności,,Poznań,Poznań,wielkopolskie,52.4159643312907,16.8814071542892,"ul. Szpitalna 7, Poznań",Na żądanie
OZO-305A6DA1A89C,Miejsce ochronne,Obiekt ochrony ludności,,Poznań,Poznań,wielkopolskie,52.4109047646703,16.882310169381,"ul. Bukowska 69a, Poznań",Na żądanie
OZO-3177C2562152,Miejsce ochronne,Obiekt ochrony ludności,,Poznań,Poznań,wielkopolskie,52.4121204197198,16.8839033897967,"ul. Szamotulska 61, Poznań",Na żądanie
OZO-3A45DDAA83A1,Miejsce ochronne,Obiekt ochrony ludności,,Poznań,Poznań,wielkopolskie,52.4120108,16.882766,"ul. Szamotulska 59b, Poznań",Na żądanie
OZO-1A1CDF3F7837,Miejsce ochronne,Obiekt ochrony ludności,,Poznań,Poznań,wielkopolskie,52.4110229176852,16.9012021867591,"ul. Augustyna Szamarzewskiego 5/9, Poznań",Na żądanie
OZO-DF1D75738CE1,Miejsce ochronne,Obiekt ochrony ludności,,Poznań,Poznań,wielkopolskie,52.4070315382219,16.9080828832466,"ul. Janusza Zeylanda 7, Poznań",Na żądanie
OZO-D383C96FEB3A,Miejsce ochronne,Obiekt ochrony ludności,,Poznań,Poznań,wielkopolskie,52.4178482031688,16.8922273028983,"ul. Stefana Żeromskiego 9, Poznań",Na żądanie
OZO-DEA721C7F88C,Miejsce ochronne,Obiekt ochrony ludności,,Poznań,Poznań,wielkopolskie,52.3801059390575,16.9671529144814,"ul. Orła Białego 120, Poznań",Na żądanie
OZO-0FB86BD062FE,Miejsce ochronne,Obiekt ochrony ludności,,Poznań,Poznań,wielkopolskie,52.4129759357431,16.8895145590115,"ul. Stanisława Przybyszewskiego 26, Poznań",Na żądanie
OZO-52094DB08A0E,Miejsce ochronne,Obiekt ochrony ludności,,Poznań,Poznań,wielkopolskie,52.4049466141053,16.8927933780254,"ul. Wojskowa 24a, Poznań",Na żądanie
OZO-6DE7A6485378,Miejsce ochronne,Obiekt ochrony ludności,,Poznań,Poznań,wielkopolskie,52.4108901580154,16.8834499803368,"ul. Szamotulska 49, Poznań",Na żądanie
OZO-521B20E4B5B1,Miejsce ochronne,Obiekt ochrony ludności,,Poznań,Poznań,wielkopolskie,52.3902449083794,17.0012184155464,"ul. Żelazna 18a, Poznań",Na żądanie
OZO-23866D16B864,Miejsce ochronne,Obiekt ochrony ludności,,Poznań,Poznań,wielkopolskie,52.37171069,16.93471481,"ul. Starołęcka 18D, Poznań",Na żądanie
OZO-0C6C9D3E5EBD,Miejsce ochronne,Obiekt ochrony ludności,,Poznań,Poznań,wielkopolskie,52.412288450828,16.9606107552353,"ul. Konarskiego Stanisława 28, Poznań",Na żądanie
OZO-AD875D7D3901,Miejsce ochronne,Obiekt ochrony ludności,,Poznań,Poznań,wielkopolskie,52.41635442,16.98137839,"ul. Nieszawska 15a, Poznań",Na żądanie
OZO-55CA6939921A,Miejsce ochronne,Obiekt ochrony ludności,,Poznań,Poznań,wielkopolskie,52.4164225982221,16.9822850753421,"ul. Nieszawska 15b, Poznań",Na żądanie
OZO-B967CD904C02,Miejsce ochronne,Obiekt ochrony ludności,,Poznań,Poznań,wielkopolskie,52.4136648282612,16.9627683409316,"ul. Michała św. 45G, Poznań",Na żądanie
OZO-779A1492835F,Miejsce ochronne,Obiekt ochrony ludności,,Poznań,Poznań,wielkopolskie,52.31290481161,16.9676549066639,"ul. Głuszyna 210, Poznań",Na żądanie
OZO-EFB81237D5BC,Miejsce ochronne,Obiekt ochrony ludności,,Poznań,Poznań,wielkopolskie,52.37054774,16.93352784,"ul. Starołęcka 36, Poznań",Na żądanie
OZO-C14E8FF0244F,Miejsce ochronne,Obiekt ochrony ludności,,Poznań,Poznań,wielkopolskie,52.413164259228,16.9637221176939,"ul. Małachowskiego Stanisława 4, Poznań",Na żądanie
OZO-F40AFCE318B3,Miejsce ochronne,Obiekt ochrony ludności,,Poznań,Poznań,wielkopolskie,52.3723303,16.93428418,"ul. Starołęcka 20, Poznań",Na żądanie
OZO-86D29E19EA37,Miejsce ochronne,Obiekt ochrony ludności,,Poznań,Poznań,wielkopolskie,52.3871408553734,17.030617500204,"ul. Darzyborska 6, Poznań",Na żądanie
OZO-468D136B9B3F,Miejsce ochronne,Obiekt ochrony ludności,,Poznań,Poznań,wielkopolskie,52.3123533662001,16.9698362131463,"ul. Głuszyna 226, Poznań",Na żądanie
OZO-56B65E2A7A9F,Miejsce ochronne,Obiekt ochrony ludności,,Poznań,Poznań,wielkopolskie,52.3984018584706,16.9699256480531,"ul. Wołkowyska 26, Poznań",Na żądanie
OZO-EEE0FB773760,Miejsce ochronne,Obiekt ochrony ludności,,Poznań,Poznań,wielkopolskie,52.4117618194978,16.9612436000346,"ul. Tomickiego Piotra 25, Poznań",Na żądanie
OZO-C0A34F6599A4,Miejsce ochronne,Obiekt ochrony ludności,,Poznań,Poznań,wielkopolskie,52.4118896025844,16.9612714900844,"ul. Tomickiego Piotra 27, Poznań",Na żądanie
OZO-6474EF7DAE53,Miejsce ochronne,Obiekt ochrony ludności,,Poznań,Poznań,wielkopolskie,52.3903072432919,17.0020879325467,"ul. Żelazna 23, Poznań",Na żądanie
OZO-B98B768B134D,Miejsce ochronne,Obiekt ochrony ludności,,Poznań,Poznań,wielkopolskie,52.4144814711202,16.9323246880216,"ul. Księcia Józefa 1/3, Poznań",Na żądanie
OZO-7C30FE9214CB,Miejsce ochronne,Obiekt ochrony ludności,,Poznań,Poznań,wielkopolskie,52.3894356947343,17.0104293511298,"ul. Stalowa 4, Poznań",Na żądanie
OZO-0C883BCD298C,Miejsce ochronne,Obiekt ochrony ludności,,Poznań,Poznań,wielkopolskie,52.4069166,16.9343096,"ul. Świętosławska 10, Poznań",Na żądanie
OZO-E2B0965232F5,Miejsce ochronne,Obiekt ochrony ludności,,Poznań,Poznań,wielkopolskie,52.4103850289566,16.9298705264045,"ul. 23 Lutego 29/33b, Poznań",Na żądanie
OZO-B0473FDA2798,Miejsce ochronne,Obiekt ochrony ludności,,Poznań,Poznań,wielkopolskie,52.415704554374,16.9611007071082,"ul. Chlebowa 4/8, Poznań",Na żądanie
OZO-E58662033158,Miejsce ochronne,Obiekt ochrony ludności,,Poznań,Poznań,wielkopolskie,52.4079097553497,16.9359281458594,"ul. Ślusarska 14, Poznań",Na żądanie
OZO-8214394FA6F7,Miejsce ochronne,Obiekt ochrony ludności,,Poznań,Poznań,wielkopolskie,52.406716641515,16.9192951109072,"ul. Tadeusza Kościuszki 77, Poznań",Na żądanie
OZO-E8C5D20B1F47,Miejsce ochronne,Obiekt ochrony ludności,,Poznań,Poznań,wielkopolskie,52.3860143238721,16.9192011091232,"ul. Pamiątkowa 28, Poznań",Na żądanie
OZO-0C5AAAF08775,Miejsce ochronne,Obiekt ochrony ludności,,Poznań,Poznań,wielkopolskie,52.4125818211743,16.9385227711639,"ul. Grochowe Łąki 1, Poznań",Na żądanie
OZO-4524539EA3F2,Miejsce ochronne,Obiekt ochrony ludności,,Poznań,Poznań,wielkopolskie,52.426629,16.9250478,"ul. Dożynkowa 9d, Poznań",Na żądanie
OZO-FE3F710D4A2F,Miejsce ochronne,Obiekt ochrony ludności,,Poznań,Poznań,wielkopolskie,52.4103128,16.9196156,"al. Niepodległości 16/18, Poznań",Na żądanie
OZO-47FF919AE175,Miejsce ochronne,Obiekt ochrony ludności,,Poznań,Poznań,wielkopolskie,52.42629,16.9241916666667,"ul. Dożynkowa 9c, Poznań",Na żądanie
OZO-4C1B81A36427,Miejsce ochronne,Obiekt ochrony ludności,,Poznań,Poznań,wielkopolskie,52.4104052,16.9178848,"ul. Fredry Aleksandra 9, Poznań",Na żądanie
OZO-AA4897614788,Miejsce ochronne,Obiekt ochrony ludności,,Poznań,Poznań,wielkopolskie,52.405524308041,16.9226849064802,"ul. Taczaka Stanisława 18, Poznań",Na żądanie
OZO-9F28999C9C9D,Miejsce ochronne,Obiekt ochrony ludności,,Poznań,Poznań,wielkopolskie,52.4110793299038,16.9240498067459,"ul. Działyńskich 9, Poznań",Na żądanie
OZO-F0DA36E24D0B,Miejsce ochronne,Obiekt ochrony ludności,,Poznań,Poznań,wielkopolskie,52.4231777,16.9239896,"ul. Winogrady 27, Poznań",Na żądanie
OZO-8A3651348A79,Miejsce ochronne,Obiekt ochrony ludności,,Poznań,Poznań,wielkopolskie,52.4296664585214,16.9218050243821,"ul. Przyjaźni 142, Poznań",Na żądanie
OZO-2AF329AFC725,Miejsce ochronne,Obiekt ochrony ludności,,Poznań,Poznań,wielkopolskie,52.4089198,16.936081,"ul. Szewska 1, Poznań",Na żądanie
OZO-83C017D04785,Miejsce ochronne,Obiekt ochrony ludności,,Poznań,Poznań,wielkopolskie,52.4249525006977,16.9228501137918,"ul. Dożynkowa 1, Poznań",Na żądanie
OZO-1FE3CAEDA42D,Miejsce ochronne,Obiekt ochrony ludności,,Poznań,Poznań,wielkopolskie,52.4079230048243,16.9347189581726,"ul. Stary Rynek 46/47, Poznań",Na żądanie
OZO-F6CF91F5B603,Miejsce ochronne,Obiekt ochrony ludności,,Poznań,Poznań,wielkopolskie,52.4085315980057,16.9014892526444,"ul. Józefa Kraszewskiego 25, Poznań",Na żądanie
OZO-1F2AF12E3785,Miejsce ochronne,Obiekt ochrony ludności,,Poznań,Poznań,wielkopolskie,52.4182077293426,16.9832483541526,"ul. Wrzesińska 18, Poznań",Na żądanie
OZO-5AEB7C1EB7F3,Miejsce ochronne,Obiekt ochrony ludności,,Poznań,Poznań,wielkopolskie,52.426069976029,16.9219767194809,"ul. Owsiana 32, Poznań",Na żądanie
OZO-BF5AA98A0B57,Miejsce ochronne,Obiekt ochrony ludności,,Poznań,Poznań,wielkopolskie,52.4085807975744,16.9406641479115,"ul. Wenecjańska 4, Poznań",Na żądanie
OZO-952DB77EA784,Miejsce ochronne,Obiekt ochrony ludności,,Poznań,Poznań,wielkopolskie,52.4320034485123,16.9106630074025,"ul. Winiary 9, Poznań",Na żądanie
OZO-B650E7D478D7,Miejsce ochronne,Obiekt ochrony ludności,,Poznań,Poznań,wielkopolskie,52.3682532694331,16.9085823042297,"ul. Łozowa 53, Poznań",Na żądanie
OZO-58815BEBA921,Miejsce ochronne,Obiekt ochrony ludności,,Poznań,Poznań,wielkopolskie,52.3906192281345,16.916460788851,"ul. Ignacego Prądzyńskiego 53, Poznań",Na żądanie
OZO-F38E3E78EC2B,Miejsce ochronne,Obiekt ochrony ludności,,Poznań,Poznań,wielkopolskie,52.385918055584,16.9132998571327,"ul. Antoniego Madalińskiego 23, Poznań",Na żądanie
OZO-CAC202E55C8A,Miejsce ochronne,Obiekt ochrony ludności,,Poznań,Poznań,wielkopolskie,52.3877144709172,16.921026714575,"ul. Dezyderego Chłapowskiego 10, Poznań",Na żądanie
OZO-379C5113522E,Miejsce ochronne,Obiekt ochrony ludności,,Poznań,Poznań,wielkopolskie,52.3908172000157,16.9172878828446,"ul. Józefa Wybickiego 7, Poznań",Na żądanie
OZO-3FB6CE4F7122,Miejsce ochronne,Obiekt ochrony ludności,,Poznań,Poznań,wielkopolskie,52.3720567061959,16.9156232712386,"ul. Dolna Wilda 126, Poznań",Na żądanie
OZO-A70A6A725CE8,Miejsce ochronne,Obiekt ochrony ludności,,Poznań,Poznań,wielkopolskie,52.3875304389109,16.9165163828741,"ul. 28 Czerwca 1956 r. 158a, Poznań",Na żądanie
OZO-D0DCBD85EA43,Miejsce ochronne,Obiekt ochrony ludności,,Poznań,Poznań,wielkopolskie,52.3664333333333,16.8983466666667,"ul. Wiązowa 5, Poznań",Na żądanie
OZO-6DD72754E829,Miejsce ochronne,Obiekt ochrony ludności,,Poznań,Poznań,wielkopolskie,52.3718892281744,16.9161265701596,"ul. Dolna Wilda 126, Poznań",Na żądanie
OZO-C20FFD0BF290,Miejsce ochronne,Obiekt ochrony ludności,,Poznań,Poznań,wielkopolskie,52.3826971104555,16.909407245369,"ul. 28 Czerwca 1956 r. 216, Poznań",Na żądanie
OZO-85148CC50AD1,Miejsce ochronne,Obiekt ochrony ludności,,Poznań,Poznań,wielkopolskie,52.3652653431235,16.9079171327129,"ul. Łozowa 82, Poznań",Na żądanie
OZO-B268D636820E,Miejsce ochronne,Obiekt ochrony ludności,,Poznań,Poznań,wielkopolskie,52.3949340598858,16.9215650714069,"ul. Wierzbięcice 36, Poznań",Na żądanie
OZO-2B8C5C3F8B96,Miejsce ochronne,Obiekt ochrony ludności,,Poznań,Poznań,wielkopolskie,52.3969891305999,16.9191575501669,"ul. św. Czesława 1, Poznań",Na żądanie
OZO-9B731AE8F416,Miejsce ochronne,Obiekt ochrony ludności,,Poznań,Poznań,wielkopolskie,52.3767119932541,16.9086198214946,"ul. Bluszczowa 7, Poznań",Na żądanie
OZO-7E26E143A843,Miejsce ochronne,Obiekt ochrony ludności,,Poznań,Poznań,wielkopolskie,52.3830529173757,16.9167842981018,"ul. Rolna 22, Poznań",Na żądanie
OZO-4A3AF9B99620,Miejsce ochronne,Obiekt ochrony ludności,,Poznań,Poznań,wielkopolskie,52.37694171368,16.9123043384926,"ul. Rolna 70, Poznań",Na żądanie
OZO-B0C27E3BED54,Miejsce ochronne,Obiekt ochrony ludności,,Poznań,Poznań,wielkopolskie,52.3655413053326,16.9075766857713,"ul. Limbowa 19, Poznań",Na żądanie
OZO-7B3C77E571DA,Miejsce ochronne,Obiekt ochrony ludności,,Poznań,Poznań,wielkopolskie,52.388885,16.9164116666667,"ul. Antoniego Kosińskiego 29, Poznań",Na żądanie
OZO-4AACF75FA44B,Miejsce ochronne,Obiekt ochrony ludności,,Poznań,Poznań,wielkopolskie,52.3648994217012,16.9068207243148,"ul. Łozowa 92a, Poznań",Na żądanie
OZO-409E477A3FB6,Miejsce ochronne,Obiekt ochrony ludności,,Poznań,Poznań,wielkopolskie,52.3965292,16.9232281,"ul. Jana Żupańskiego 9, Poznań",Na żądanie
OZO-0701304F93EF,Miejsce ochronne,Obiekt ochrony ludności,,Poznań,Poznań,wielkopolskie,52.3691509,16.9118471,"ul. Czechosłowacka 15a, Poznań",Na żądanie
OZO-0FE46D00EAEA,Miejsce ochronne,Obiekt ochrony ludności,,Poznań,Poznań,wielkopolskie,52.402115502582,16.9116838262005,"ul. Dworcowa 1, Poznań",Na żądanie
OZO-F7CBAAE315FA,Miejsce ochronne,Obiekt ochrony ludności,,Poznań,Poznań,wielkopolskie,52.3632250626613,16.9054782763124,"ul. Laskowa 2, Poznań",Na żądanie
OZO-9C90347C46DB,Miejsce ochronne,Obiekt ochrony ludności,,Poznań,Poznań,wielkopolskie,52.3833883341834,16.9197513280232,"ul. Saperska 10, Poznań",Na żądanie
OZO-3D6DC44996C1,Miejsce ochronne,Obiekt ochrony ludności,,Poznań,Poznań,wielkopolskie,52.3854542069069,16.9164216131514,"ul. Romualda Traugutta 25, Poznań",Na żądanie
OZO-869792EF1052,Miejsce ochronne,Obiekt ochrony ludności,,Poznań,Poznań,wielkopolskie,52.3914077050944,16.9219975904198,"ul. św. Jerzego 6/10, Poznań",Na żądanie
OZO-87E9EF22389F,Miejsce ochronne,Obiekt ochrony ludności,,Poznań,Poznań,wielkopolskie,52.3720422398169,16.8982043009709,"ul. Świerkowa 10, Poznań",Na żądanie
OZO-1CA85886555B,Miejsce ochronne,Obiekt ochrony ludności,,Poznań,Poznań,wielkopolskie,52.3983544890788,16.9215737440177,"ul. Wierzbięcice 12, Poznań",Na żądanie
OZO-B8440D8223BA,Miejsce ochronne,Obiekt ochrony ludności,,Poznań,Poznań,wielkopolskie,52.3636627185149,16.9048835209015,"ul. Bukowa 12, Poznań",Na żądanie
OZO-585CB42617CE,Miejsce ochronne,Obiekt ochrony ludności,,Poznań,Poznań,wielkopolskie,52.4340907248585,16.9548232261912,"ul. Wilczak 49, Poznań",Na żądanie
OZO-D6EB1AFF44CF,Miejsce ochronne,Obiekt ochrony ludności,,Luboń,pow. poznański,wielkopolskie,52.3342098100102,16.8843709756082,"ul. Łączna 4, Luboń",Na żądanie
OZO-A4D2B04347CA,Miejsce ochronne,Obiekt ochrony ludności,,Luboń,pow. poznański,wielkopolskie,52.3285370206411,16.9000253082949,"ul. Romana Maya 2, Luboń",Na żądanie
OZO-192A97984F87,Miejsce ochronne,Obiekt ochrony ludności,,Luboń,pow. poznański,wielkopolskie,52.351132366968,16.8754983120012,"ul. Źródlana 8, Luboń",Na żądanie
OZO-1B763DCB67DD,Miejsce ochronne,Obiekt ochrony ludności,,Luboń,pow. poznański,wielkopolskie,52.3491837421195,16.8733788639649,"ul. gen. Władysława Sikorskiego 1, Luboń",Na żądanie
OZO-9CE569C0A0EA,Miejsce ochronne,Obiekt ochrony ludności,,Czerwonak,pow. poznański,wielkopolskie,52.4540235521991,16.9948505811529,"Osiedle Leśne 2D, Koziegłowy",Na żądanie
OZO-19C316AB53F8,Miejsce ochronne,Obiekt ochrony ludności,,Czerwonak,pow. poznański,wielkopolskie,52.4537604280568,16.9944756835056,"Osiedle Leśne 2B, Koziegłowy",Na żądanie
OZO-D701C6AE28B9,Miejsce ochronne,Obiekt ochrony ludności,,Czerwonak,pow. poznański,wielkopolskie,52.4512956099181,16.9973702563246,"Osiedle Leśne 12C, Koziegłowy",Na żądanie
OZO-BB6995A35DCB,Miejsce ochronne,Obiekt ochrony ludności,,Czerwonak,pow. poznański,wielkopolskie,52.4538208663185,16.9930156696277,"Osiedle Leśne 1B, Koziegłowy",Na żądanie
OZO-5BB37A3238EB,Miejsce ochronne,Obiekt ochrony ludności,,Czerwonak,pow. poznański,wielkopolskie,52.4528710059575,16.9964201823941,"Osiedle Leśne 4H, Koziegłowy",Na żądanie
OZO-E401085E9C62,Miejsce ochronne,Obiekt ochrony ludności,,Czerwonak,pow. poznański,wielkopolskie,52.4492920378114,16.9980351945541,"Osiedle Leśne 23, Koziegłowy",Na żądanie
OZO-A473388C3AB6,Miejsce ochronne,Obiekt ochrony ludności,,Czerwonak,pow. poznański,wielkopolskie,52.449263072819,16.9976375570679,"Osiedle Leśne 23, Koziegłowy",Na żądanie
OZO-E72532E2B009,Miejsce ochronne,Obiekt ochrony ludności,,Rokietnica,pow. poznański,wielkopolskie,52.5120506385572,16.7429368022053,"ul. Szamotulska 24, Rokietnica",Na żądanie
OZO-9D05DE5B3883,Miejsce ochronne,Obiekt ochrony ludności,,Czerwonak,pow. poznański,wielkopolskie,52.4530651648791,16.9959420256079,"Osiedle Leśne 4H, Koziegłowy",Na żądanie
OZO-2976C80648CC,Miejsce ochronne,Obiekt ochrony ludności,,Czerwonak,pow. poznański,wielkopolskie,52.4492050406078,16.9974310269738,"Osiedle Leśne 23, Koziegłowy",Na żądanie
OZO-C0899D07FABF,Miejsce ochronne,Obiekt ochrony ludności,,Swarzędz,pow. poznański,wielkopolskie,52.4106666010144,17.0780161118025,"ul. Rynek 32/33, Swarzędz",Na żądanie
OZO-9C5179ED43BB,Miejsce ochronne,Obiekt ochrony ludności,,Swarzędz,pow. poznański,wielkopolskie,52.4147288122497,17.0779204051704,"ul. Zamkowa 31C, Swarzędz",Całodobowa
OZO-F9BF643E3B72,Miejsce ochronne,Obiekt ochrony ludności,,Swarzędz,pow. poznański,wielkopolskie,52.4147042723833,17.0778305511604,"ul. Zamkowa 31B, Swarzędz",Całodobowa
OZO-905FD6C47DC9,Miejsce ochronne,Obiekt ochrony ludności,,Swarzędz,pow. poznański,wielkopolskie,52.4146920024414,17.0774684529271,"ul. Zamkowa 27F, Swarzędz",Całodobowa
OZO-C03FCFAE12A4,Miejsce ochronne,Obiekt ochrony ludności,,Swarzędz,pow. poznański,wielkopolskie,52.4144695069909,17.0778573732526,"ul. Zamkowa 29B, Swarzędz",Całodobowa
OZO-2CC030CFFDCD,Miejsce ochronne,Obiekt ochrony ludności,,Swarzędz,pow. poznański,wielkopolskie,52.3858155364705,17.0791095406859,"ul. Serdeczna 19, Zalasewo",Na żądanie
OZO-45967712FB71,Miejsce ochronne,Obiekt ochrony ludności,,Swarzędz,pow. poznański,wielkopolskie,52.4146494666315,17.0774939339113,"ul. Zamkowa 27E, Swarzędz",Całodobowa
OZO-49110AB8F3CB,Miejsce ochronne,Obiekt ochrony ludności,,Tarnowo Podgórne,pow. poznański,wielkopolskie,52.4206226,16.79483161,"ul. Rzemieślnicza 31, Przeźmierowo",Na żądanie
OZO-8C6F5B8D8EF7,Miejsce ochronne,Obiekt ochrony ludności,,Swarzędz,pow. poznański,wielkopolskie,52.4157816666667,17.0805916666667,"ul. Czwartaków 8, Swarzędz",Na żądanie
OZO-4836E56F1059,Miejsce ochronne,Obiekt ochrony ludności,,Swarzędz,pow. poznański,wielkopolskie,52.4935299687932,17.1001408356746,"ul. Kasztanowa 8, Karłowice",Na żądanie
OZO-6BAC53F8FCA9,Miejsce ochronne,Obiekt ochrony ludności,,Swarzędz,pow. poznański,wielkopolskie,52.4105725913968,17.0785215955359,"ul. Rynek 37, Swarzędz",Na żądanie
OZO-84BDC14DEA10,Miejsce ochronne,Obiekt ochrony ludności,,Swarzędz,pow. poznański,wielkopolskie,52.4106926673654,17.0778530739455,"ul. Rynek 31, Swarzędz",Na żądanie
OZO-B894AFAA1B3D,Miejsce ochronne,Obiekt ochrony ludności,,Swarzędz,pow. poznański,wielkopolskie,52.4106226818639,17.0766271929867,"ul. Rynek 22, Swarzędz",Na żądanie
OZO-6BEB47006448,Miejsce ochronne,Obiekt ochrony ludności,,Poznań,Poznań,wielkopolskie,52.4232978711013,16.913070947357,"ul. Urbanowska 16, Poznań",Na żądanie
OZO-0BA5E40FAF8E,Miejsce ochronne,Obiekt ochrony ludności,,Poznań,Poznań,wielkopolskie,52.3986607088451,16.9307189033196,"ul. Maratońska 3, Poznań",Na żądanie
OZO-92D25048530A,Miejsce ochronne,Obiekt ochrony ludności,,Poznań,Poznań,wielkopolskie,52.4070564368325,16.9333146447735,"ul. Wrocławska 7, Poznań",Na żądanie
OZO-E3E272F1F932,Miejsce ochronne,Obiekt ochrony ludności,,Poznań,Poznań,wielkopolskie,52.3982721780242,16.9306854368597,"ul. Maratońska 3A, Poznań",Na żądanie
OZO-7B49B4E93FE3,Miejsce ochronne,Obiekt ochrony ludności,,Poznań,Poznań,wielkopolskie,52.4067570271457,16.9329570466665,"ul. Wrocławska 8, Poznań",Na żądanie
OZO-2803DDC6FD63,Miejsce ochronne,Obiekt ochrony ludności,,Poznań,Poznań,wielkopolskie,52.4068102064098,16.9332708651476,"ul. Wrocławska 13, Poznań",Na żądanie
OZO-B5BFBA2EB5E7,Miejsce ochronne,Obiekt ochrony ludności,,Poznań,Poznań,wielkopolskie,52.4063650184661,16.933247023268,"ul. Wrocławska 21, Poznań",Na żądanie
OZO-92015D612CB3,Miejsce ochronne,Obiekt ochrony ludności,,Poznań,Poznań,wielkopolskie,52.3981534245458,16.9315537557567,"ul. Maratońska 3D, Poznań",Na żądanie
OZO-21E9DE6F35FF,Miejsce ochronne,Obiekt ochrony ludności,,Poznań,Poznań,wielkopolskie,52.4061758128265,16.9330727839312,"ul. Wrocławska 23, Poznań",Na żądanie
OZO-AB68DEEBA344,Miejsce ochronne,Obiekt ochrony ludności,,Poznań,Poznań,wielkopolskie,52.398548209792,16.9317851956202,"ul. Maratońska 3C, Poznań",Na żądanie
OZO-2B54FF51153B,Miejsce ochronne,Obiekt ochrony ludności,,Poznań,Poznań,wielkopolskie,52.4075398057034,16.9332396471852,"ul. Stary Rynek 61, Poznań",Na żądanie
OZO-DADADD262B28,Miejsce ochronne,Obiekt ochrony ludności,,Poznań,Poznań,wielkopolskie,52.4125254186817,16.9965799538544,"ul. Warszawska 181, Poznań",Na żądanie
OZO-86A86F659FC0,Miejsce ochronne,Obiekt ochrony ludności,,Poznań,Poznań,wielkopolskie,52.3991822614387,16.9317541601209,"ul. Królowej Jadwigi 43, Poznań",Na żądanie
OZO-A0544239BA7F,Miejsce ochronne,Obiekt ochrony ludności,,Poznań,Poznań,wielkopolskie,52.4060142905307,16.871979108984,"ul. Swoboda 53, Poznań",Na żądanie
OZO-38237402752C,Miejsce ochronne,Obiekt ochrony ludności,,Poznań,Poznań,wielkopolskie,52.4071370161449,16.9948552144274,"ul. Mogileńska 10A, Poznań",Na żądanie
OZO-9A3E78F59B7A,Miejsce ochronne,Obiekt ochrony ludności,,Poznań,Poznań,wielkopolskie,52.4039519378131,16.8777767394214,"ul. Franciszka Lubeckiego 33, Poznań",Na żądanie
OZO-377B5367514F,Miejsce ochronne,Obiekt ochrony ludności,,Poznań,Poznań,wielkopolskie,52.4017648990397,16.9188187185138,"ul. Stanisława Matyi 8, Poznań",Na żądanie
OZO-7F599A6C4DB5,Miejsce ochronne,Obiekt ochrony ludności,,Poznań,Poznań,wielkopolskie,52.4184100602203,16.9019567312807,"ul. św. Wawrzyńca 17, Poznań",Na żądanie
OZO-50E1CBA8C330,Miejsce ochronne,Obiekt ochrony ludności,,Poznań,Poznań,wielkopolskie,52.4011621030053,16.9185917717026,"ul. Przemysłowa 3, Poznań",Na żądanie
OZO-A58C6E16DAD3,Miejsce ochronne,Obiekt ochrony ludności,,Poznań,Poznań,wielkopolskie,52.384790166034,16.8433715218094,"ul. Ziębicka 14, Poznań",Na żądanie
OZO-B6AA972FD37B,Miejsce ochronne,Obiekt ochrony ludności,,Poznań,Poznań,wielkopolskie,52.4776878129402,16.7806092017757,"ul. Chojnicka 57, Poznań",Na żądanie
OZO-801C835CB418,Miejsce ochronne,Obiekt ochrony ludności,,Poznań,Poznań,wielkopolskie,52.3881107672994,17.0079058953598,"ul. Folwarczna 38D, Poznań",Na żądanie
OZO-8C4DA807634B,Miejsce ochronne,Obiekt ochrony ludności,,Poznań,Poznań,wielkopolskie,52.3893041380514,17.0059153220899,"ul. Folwarczna 25b, Poznań",Na żądanie
OZO-28B5CD983D7C,Miejsce ochronne,Obiekt ochrony ludności,,Poznań,Poznań,wielkopolskie,52.389611714701,17.0066522141018,"ul. Folwarczna 22a, Poznań",Na żądanie
OZO-62FEB92C9DC3,Miejsce ochronne,Obiekt ochrony ludności,,Poznań,Poznań,wielkopolskie,52.3881145391558,17.0074353353155,"ul. Folwarczna 38B, Poznań",Na żądanie
OZO-C1E7E1D76D8F,Miejsce ochronne,Obiekt ochrony ludności,,Poznań,Poznań,wielkopolskie,52.400552282464,16.8593465750936,"ul. Ptasia 16, Poznań",Na żądanie
OZO-26508A434D17,Miejsce ochronne,Obiekt ochrony ludności,,Poznań,Poznań,wielkopolskie,52.39933722472214,16.894487421153286,"ul. Stanisława Wyspiańskiego 26, Poznań",Na żądanie
OZO-45D8738395B9,Miejsce ochronne,Obiekt ochrony ludności,,Poznań,Poznań,wielkopolskie,52.3645492933229,16.9093603428837,"ul. Orzechowa 10, Poznań",Na żądanie
OZO-019D8FF57865,Miejsce ochronne,Obiekt ochrony ludności,,Poznań,Poznań,wielkopolskie,52.3690346034099,16.9123913426476,"ul. Wiklinowa 6, Poznań",Na żądanie
OZO-08E2B8FD030F,Miejsce ochronne,Obiekt ochrony ludności,,Poznań,Poznań,wielkopolskie,52.3690615512269,16.9128868807627,"ul. Wiklinowa 2, Poznań",Na żądanie
OZO-FE357486182E,Miejsce ochronne,Obiekt ochrony ludności,,Poznań,Poznań,wielkopolskie,52.3885126795566,17.0065545649298,"ul. Folwarczna 36, Poznań",Na żądanie
OZO-E4D30AEBC468,Miejsce ochronne,Obiekt ochrony ludności,,Poznań,Poznań,wielkopolskie,52.401083920671,16.8639857401598,"ul. Bułgarska 59, Poznań",Na żądanie
OZO-08DE6F42C3C8,Miejsce ochronne,Obiekt ochrony ludności,,Poznań,Poznań,wielkopolskie,52.4094955,16.9026425,"ul. Zwierzyniecka 32, Poznań",Na żądanie
OZO-8BA9B21F0988,Miejsce ochronne,Obiekt ochrony ludności,,Poznań,Poznań,wielkopolskie,52.4041831524744,16.8774085581971,"ul. Marcelińska 62, Poznań",Na żądanie
OZO-2B9F702A403D,Miejsce ochronne,Obiekt ochrony ludności,,Poznań,Poznań,wielkopolskie,52.3867136716781,16.864470493451,"ul. Promienista 160, Poznań",Na żądanie
OZO-2A85D2F41555,Miejsce ochronne,Obiekt ochrony ludności,,Poznań,Poznań,wielkopolskie,52.390392587561,16.8514906348641,"ul. Mariana Smoluchowskiego 3D, Poznań",Na żądanie
OZO-69E247F37754,Miejsce ochronne,Obiekt ochrony ludności,,Poznań,Poznań,wielkopolskie,52.4050048284256,16.8622415777586,"ul. Marcelińska 96, Poznań",Na żądanie
OZO-1F8B723452DE,Miejsce ochronne,Obiekt ochrony ludności,,Poznań,Poznań,wielkopolskie,52.4032017628443,16.861679265792,"ul. Świerzawska 7, Poznań",Na żądanie
OZO-A5B68FDABC00,Miejsce ochronne,Obiekt ochrony ludności,,Poznań,Poznań,wielkopolskie,52.4011979999991,16.8604208999997,"ul. Świerzawska 14, Poznań",Na żądanie
OZO-66AF23126C22,Miejsce ochronne,Obiekt ochrony ludności,,Poznań,Poznań,wielkopolskie,52.4063406273764,16.8784052003738,"ul. Międzychodzka 12, Poznań",Na żądanie
OZO-2E9094176FD8,Miejsce ochronne,Obiekt ochrony ludności,,Poznań,Poznań,wielkopolskie,52.4033520209089,16.8574275849367,"ul. Wałbrzyska 7A, Poznań",Na żądanie
OZO-C4B5CDFE3B0E,Miejsce ochronne,Obiekt ochrony ludności,,Poznań,Poznań,wielkopolskie,52.3947075180493,16.8960273716436,"ul. Emilii Sczanieckiej 8C, Poznań",Na żądanie
OZO-11E86BEAF7EB,Miejsce ochronne,Obiekt ochrony ludności,,Poznań,Poznań,wielkopolskie,52.4035527454417,16.8591085442988,"ul. Wałbrzyska 5C, Poznań",Na żądanie
OZO-656E2277FEAF,Miejsce ochronne,Obiekt ochrony ludności,,Poznań,Poznań,wielkopolskie,52.402955495243,16.9092228156094,"ul. Głogowska 12, Poznań",Na żądanie
OZO-4112A5F972DF,Miejsce ochronne,Obiekt ochrony ludności,,Poznań,Poznań,wielkopolskie,52.3922370944136,16.8936620638211,"ul. Gustawa Potworowskiego 10a, Poznań",Na żądanie
OZO-E4BD6C5721E3,Miejsce ochronne,Obiekt ochrony ludności,,Poznań,Poznań,wielkopolskie,52.4029197735181,16.8586025333848,"ul. Wałbrzyska 7C, Poznań",Na żądanie
OZO-1C7073389198,Miejsce ochronne,Obiekt ochrony ludności,,Poznań,Poznań,wielkopolskie,52.4018856047636,16.8582943063612,"ul. Świerzawska 12B, Poznań",Na żądanie
OZO-1A652516C024,Miejsce ochronne,Obiekt ochrony ludności,,Poznań,Poznań,wielkopolskie,52.3987625219858,16.8740042374344,"ul. Cześnikowska 1a, Poznań",Na żądanie
OZO-CFA9FD1D28E6,Miejsce ochronne,Obiekt ochrony ludności,,Poznań,Poznań,wielkopolskie,52.4012088667757,16.860419377895,"ul. Świerzawska 14, Poznań",Na żądanie
OZO-4CF0B07A94B5,Miejsce ochronne,Obiekt ochrony ludności,,Poznań,Poznań,wielkopolskie,52.3964655059139,16.8771260084467,"ul. Józefa Sowińskiego 41, Poznań",Na żądanie
OZO-4B4B05E9D2E9,Miejsce ochronne,Obiekt ochrony ludności,,Poznań,Poznań,wielkopolskie,52.4110867197743,16.8900061920438,"ul. Jana Długosza 24d, Poznań",Na żądanie
OZO-E0C1422422C3,Miejsce ochronne,Obiekt ochrony ludności,,Poznań,Poznań,wielkopolskie,52.4104310276798,16.8714735378857,"ul. Promyk 2b, Poznań",Na żądanie
OZO-B93A8D60FC68,Miejsce ochronne,Obiekt ochrony ludności,,Poznań,Poznań,wielkopolskie,52.3812942264514,16.8502347529168,"ul. Junikowska 35, Poznań",Na żądanie
OZO-4AF30A5E71F0,Miejsce ochronne,Obiekt ochrony ludności,,Poznań,Poznań,wielkopolskie,52.4114780867992,16.8901553202377,"ul. Jana Długosza 24b, Poznań",Na żądanie
OZO-0B783B30E019,Miejsce ochronne,Obiekt ochrony ludności,,Poznań,Poznań,wielkopolskie,52.3982634176561,16.8951558525254,"ul. Kazimierza Jarochowskiego 6, Poznań",Na żądanie
OZO-234605DFE3CD,Miejsce ochronne,Obiekt ochrony ludności,,Poznań,Poznań,wielkopolskie,52.411437089301,16.8904424546558,"ul. Jana Długosza 24a, Poznań",Na żądanie
OZO-F9F0785C1E43,Miejsce ochronne,Obiekt ochrony ludności,,Poznań,Poznań,wielkopolskie,52.4110515985198,16.8903067149398,"ul. Jana Długosza 24c, Poznań",Na żądanie
OZO-71EFED5C6F84,Miejsce ochronne,Obiekt ochrony ludności,,Poznań,Poznań,wielkopolskie,52.4143923484376,16.9120838787081,"ul. Jeżycka 46, Poznań",Na żądanie
OZO-932C07B10068,Miejsce ochronne,Obiekt ochrony ludności,,Poznań,Poznań,wielkopolskie,52.4017503576667,16.9510541944428,"ul. Piotrowo 3a, Poznań",Na żądanie
OZO-DE7CC78C7D2D,Miejsce ochronne,Obiekt ochrony ludności,,Poznań,Poznań,wielkopolskie,52.4239941138886,16.9120104689673,"ul. Sokoła 1, Poznań",Na żądanie
OZO-708C33A37350,Miejsce ochronne,Obiekt ochrony ludności,,Poznań,Poznań,wielkopolskie,52.4227411692655,16.9791221888476,"ul. Gnieźnieńska 9, Poznań",Na żądanie
OZO-BCF3D960CBAB,Miejsce ochronne,Obiekt ochrony ludności,,Poznań,Poznań,wielkopolskie,52.3744855521958,16.8633674884579,"ul. Klinkierowa 7, Poznań",Na żądanie
OZO-F6262AC4017D,Miejsce ochronne,Obiekt ochrony ludności,,Poznań,Poznań,wielkopolskie,52.3986370002197,16.8954205568855,"ul. Kazimierza Jarochowskiego 1, Poznań",Na żądanie
OZO-4C6443613B52,Miejsce ochronne,Obiekt ochrony ludności,,Poznań,Poznań,wielkopolskie,52.4105966492445,16.8919371519711,"ul. Maksymiliana Jackowskiego 55, Poznań",Na żądanie
OZO-668611C3CFF5,Miejsce ochronne,Obiekt ochrony ludności,,Poznań,Poznań,wielkopolskie,52.402076301062,16.9501720472214,"ul. Piotrowo 3, Poznań",Na żądanie
OZO-261150E0EBB3,Miejsce ochronne,Obiekt ochrony ludności,,Poznań,Poznań,wielkopolskie,52.415065,16.9050331,"ul. Kościelna 21A, Poznań",Na żądanie
OZO-A95EC4CBD2A3,Miejsce ochronne,Obiekt ochrony ludności,,Poznań,Poznań,wielkopolskie,52.4144697573103,16.9048901260388,"ul. Kościelna 17, Poznań",Na żądanie
OZO-4C057F962C46,Miejsce ochronne,Obiekt ochrony ludności,,Poznań,Poznań,wielkopolskie,52.414486418513,16.9118773486188,"ul. Jeżycka 46a, Poznań",Na żądanie
OZO-C698C3C83FCA,Miejsce ochronne,Obiekt ochrony ludności,,Poznań,Poznań,wielkopolskie,52.3901617423059,16.9516534473927,"ul. Jagiellońskie 106, Poznań",Na żądanie
OZO-FA2758996379,Miejsce ochronne,Obiekt ochrony ludności,,Poznań,Poznań,wielkopolskie,52.4009857638522,16.8582593344499,"ul. Ptasia 18C, Poznań",Na żądanie
OZO-A235278EEDE9,Miejsce ochronne,Obiekt ochrony ludności,,Poznań,Poznań,wielkopolskie,52.3898363104171,16.8771777016391,"ul. Rynarzewska 5, Poznań",Na żądanie
OZO-B7E0885B56E1,Miejsce ochronne,Obiekt ochrony ludności,,Poznań,Poznań,wielkopolskie,52.3958876540176,16.9443457474051,"ul. Piastowskie 18, Poznań",Całodobowa
OZO-6A879AEF576D,Miejsce ochronne,Obiekt ochrony ludności,,Poznań,Poznań,wielkopolskie,52.3905905345221,16.9520438720857,"ul. Jagiellońskie 116, Poznań",Całodobowa
OZO-6EAF80486452,Miejsce ochronne,Obiekt ochrony ludności,,Poznań,Poznań,wielkopolskie,52.3904246470906,16.9515770264023,"ul. Jagiellońskie 108, Poznań",Całodobowa
OZO-3320B3420777,Miejsce ochronne,Obiekt ochrony ludności,,Poznań,Poznań,wielkopolskie,52.3860387999991,16.9775769999997,"ul. Czecha 73, Poznań",Całodobowa
OZO-E403AD3AC1F8,Miejsce ochronne,Obiekt ochrony ludności,,Poznań,Poznań,wielkopolskie,52.395572979142,16.9444101536714,"ul. Piastowskie 19, Poznań",Całodobowa
OZO-C3C3C99B5D3A,Miejsce ochronne,Obiekt ochrony ludności,,Poznań,Poznań,wielkopolskie,52.3907093583546,16.9520179602937,"ul. Jagiellońskie 117, Poznań",Całodobowa
OZO-04F35755D668,Miejsce ochronne,Obiekt ochrony ludności,,Poznań,Poznań,wielkopolskie,52.3909451050637,16.9519505338563,"ul. Jagiellońskie 119, Poznań",Na żądanie
OZO-B8304C3D72A0,Miejsce ochronne,Obiekt ochrony ludności,,Poznań,Poznań,wielkopolskie,52.3897053368808,16.9513362126445,"ul. Jagiellońskie 127, Poznań",Na żądanie
OZO-C71F2B7A2C7F,Miejsce ochronne,Obiekt ochrony ludności,,Poznań,Poznań,wielkopolskie,52.3903197747527,16.9516011313309,"ul. Jagiellońskie 107, Poznań",Na żądanie
OZO-A9E0DF713EC9,Miejsce ochronne,Obiekt ochrony ludności,,Poznań,Poznań,wielkopolskie,52.3904973350257,16.9515479059078,"ul. Jagiellońskie 109, Poznań",Całodobowa
OZO-5D6EA39F4EC0,Miejsce ochronne,Obiekt ochrony ludności,,Poznań,Poznań,wielkopolskie,52.3904927378181,16.9503739035302,"ul. Jagiellońskie 98, Poznań",Całodobowa
OZO-4362299ABFB3,Miejsce ochronne,Obiekt ochrony ludności,,Poznań,Poznań,wielkopolskie,52.3903084419113,16.9510118927606,"ul. Jagiellońskie 101, Poznań",Całodobowa
OZO-A77C139AAE01,Miejsce ochronne,Obiekt ochrony ludności,,Poznań,Poznań,wielkopolskie,52.3904500458178,16.9521070122943,"ul. Jagiellońskie 115, Poznań",Całodobowa
OZO-32BACAAC7A02,Miejsce ochronne,Obiekt ochrony ludności,,Poznań,Poznań,wielkopolskie,52.3901242694405,16.9510903942442,"ul. Jagiellońskie 99, Poznań",Na żądanie
OZO-468CE9DFBFE0,Miejsce ochronne,Obiekt ochrony ludności,,Poznań,Poznań,wielkopolskie,52.3901360604998,16.9504962105729,"ul. Jagiellońskie 96, Poznań",Całodobowa
OZO-527323977DD5,Miejsce ochronne,Obiekt ochrony ludności,,Poznań,Poznań,wielkopolskie,52.3907955387763,16.9508866804178,"ul. Jagiellońskie 105, Poznań",Całodobowa
OZO-67C350F417A2,Miejsce ochronne,Obiekt ochrony ludności,,Poznań,Poznań,wielkopolskie,52.390672139164,16.9509072341938,"ul. Jagiellońskie 104, Poznań",Całodobowa
OZO-3FDCDD880950,Miejsce ochronne,Obiekt ochrony ludności,,Poznań,Poznań,wielkopolskie,52.3898574680413,16.9505760442781,"ul. Jagiellońskie 95, Poznań",Całodobowa
OZO-217FABC8F23A,Miejsce ochronne,Obiekt ochrony ludności,,Poznań,Poznań,wielkopolskie,52.3917322850083,16.9432684940557,"ul. Piastowskie 59, Poznań",Całodobowa
OZO-CCED57A4E50F,Miejsce ochronne,Obiekt ochrony ludności,,Poznań,Poznań,wielkopolskie,52.3804682734188,16.9518541088882,"ul. Armii Krajowej 71, Poznań",Całodobowa
OZO-0BE676A170FA,Miejsce ochronne,Obiekt ochrony ludności,,Poznań,Poznań,wielkopolskie,52.3955618532238,16.9475801443793,"ul. Piastowskie 3, Poznań",Całodobowa
OZO-36BEA607658B,Miejsce ochronne,Obiekt ochrony ludności,,Poznań,Poznań,wielkopolskie,52.3803503904541,16.9518868062864,"ul. Armii Krajowej 70, Poznań",Na żądanie
OZO-2FB9BB24EDFB,Miejsce ochronne,Obiekt ochrony ludności,,Poznań,Poznań,wielkopolskie,52.3802646066134,16.9513547922713,"ul. Armii Krajowej 63, Poznań",Na żądanie
OZO-079DD9E462BA,Miejsce ochronne,Obiekt ochrony ludności,,Poznań,Poznań,wielkopolskie,52.3919411584643,16.9660813521898,"ul. Milczańska 18B, Poznań",Całodobowa
OZO-CE76C82931C6,Miejsce ochronne,Obiekt ochrony ludności,,Poznań,Poznań,wielkopolskie,52.3806802036155,16.9529588724936,"ul. Armii Krajowej 84, Poznań",Na żądanie
OZO-2C88CCD4679C,Miejsce ochronne,Obiekt ochrony ludności,,Poznań,Poznań,wielkopolskie,52.3810852353567,16.9522076495628,"ul. Armii Krajowej 83, Poznań",Na żądanie
OZO-52EFB1537539,Miejsce ochronne,Obiekt ochrony ludności,,Poznań,Poznań,wielkopolskie,52.39332721,16.98960365,"ul. Byka 1, Poznań",Na żądanie
OZO-9B0CD420C079,Miejsce ochronne,Obiekt ochrony ludności,,Poznań,Poznań,wielkopolskie,52.3941142,16.98682333,"ul. Lwa 17A, Poznań",Na żądanie
OZO-B0CFAF55EEF3,Miejsce ochronne,Obiekt ochrony ludności,,Poznań,Poznań,wielkopolskie,52.3933984422754,16.9886082240054,"ul. Byka 5, Poznań",Na żądanie
OZO-E911FB0EAA7D,Miejsce ochronne,Obiekt ochrony ludności,,Poznań,Poznań,wielkopolskie,52.3937875613724,16.9890659906316,"ul. Byka 2, Poznań",Na żądanie
OZO-AE127EBA5E8B,Miejsce ochronne,Obiekt ochrony ludności,,Poznań,Poznań,wielkopolskie,52.3921236206998,16.9690345319782,"ul. Inflancka 20, Poznań",Na żądanie
OZO-61A9E3EDA822,Miejsce ochronne,Obiekt ochrony ludności,,Poznań,Poznań,wielkopolskie,52.3960927198438,16.9839950373431,"ul. abpa Walentego Dymka 188, Poznań",Na żądanie
OZO-55DA1F506D88,Miejsce ochronne,Obiekt ochrony ludności,,Poznań,Poznań,wielkopolskie,52.3922250941469,16.9648572431123,"ul. Milczańska 14a, Poznań",Całodobowa
OZO-F589AC918852,Miejsce ochronne,Obiekt ochrony ludności,,Poznań,Poznań,wielkopolskie,52.3929136808681,16.9675322995519,"ul. Milczańska 18H, Poznań",Całodobowa
OZO-E594C2E92E4A,Miejsce ochronne,Obiekt ochrony ludności,,Poznań,Poznań,wielkopolskie,52.3933768247022,16.9663989257346,"ul. Milczańska 14h, Poznań",Całodobowa
OZO-F3C52AC3E90B,Miejsce ochronne,Obiekt ochrony ludności,,Poznań,Poznań,wielkopolskie,52.3934096864427,16.9654929351221,"ul. Milczańska 12G, Poznań",Całodobowa
OZO-688365C47BD3,Miejsce ochronne,Obiekt ochrony ludności,,Poznań,Poznań,wielkopolskie,52.4069521399239,16.9341097371455,"ul. Świętosławska 10, Poznań",Na żądanie
OZO-C4429DA3A435,Miejsce ochronne,Obiekt ochrony ludności,,Poznań,Poznań,wielkopolskie,52.3954290269775,16.9464875247265,"ul. Piastowskie 9, Poznań",Całodobowa
OZO-98A21C09E5A8,Miejsce ochronne,Obiekt ochrony ludności,,Poznań,Poznań,wielkopolskie,52.3949592901072,16.9454924889254,"ul. Piastowskie 14, Poznań",Całodobowa
OZO-F6DA670BEF10,Miejsce ochronne,Obiekt ochrony ludności,,Poznań,Poznań,wielkopolskie,52.4107288415284,16.932077881103,"ul. Wielkopolski 10/11a, Poznań",Na żądanie
OZO-B4EE8D1E2B2A,Miejsce ochronne,Obiekt ochrony ludności,,Poznań,Poznań,wielkopolskie,52.4103378033218,16.931878896018,"ul. Wielkopolski 10/11d, Poznań",Na żądanie
OZO-1725D3CCB761,Miejsce ochronne,Obiekt ochrony ludności,,Poznań,Poznań,wielkopolskie,52.4134332743571,16.9646472314697,"ul. św. Michała 39/41, Poznań",Na żądanie
OZO-0E8F4421ED3B,Miejsce ochronne,Obiekt ochrony ludności,,Poznań,Poznań,wielkopolskie,52.4215153972611,16.9748152319347,"ul. Wiejska 8, Poznań",Na żądanie
OZO-A88C0B37427F,Miejsce ochronne,Obiekt ochrony ludności,,Poznań,Poznań,wielkopolskie,52.4111970555923,16.941108873586,"ul. Szyperska 14, Poznań",Na żądanie
OZO-FDE6E3BCDD1C,Miejsce ochronne,Obiekt ochrony ludności,,Poznań,Poznań,wielkopolskie,52.4132083500129,16.964625567181,"ul. św. Michała 39/41, Poznań",Na żądanie
OZO-53B55427F3EB,Miejsce ochronne,Obiekt ochrony ludności,,Poznań,Poznań,wielkopolskie,52.4217506252381,16.9671912990112,"ul. Smolna 7, Poznań",Na żądanie
OZO-D1EA23D1F50F,Miejsce ochronne,Obiekt ochrony ludności,,Poznań,Poznań,wielkopolskie,52.4157415130988,16.9346897951411,"ul. Ku Cytadeli 4, Poznań",Na żądanie
OZO-4CCEC5934CC6,Miejsce ochronne,Obiekt ochrony ludności,,Poznań,Poznań,wielkopolskie,52.4123986283002,16.9627468289928,"ul. Andrzeja Łaskarza 4, Poznań",Na żądanie
OZO-4A23852CA4A7,Miejsce ochronne,Obiekt ochrony ludności,,Poznań,Poznań,wielkopolskie,52.4115437897737,16.9643900087792,"ul. św. Michała 27, Poznań",Na żądanie
OZO-34171011F767,Miejsce ochronne,Obiekt ochrony ludności,,Poznań,Poznań,wielkopolskie,52.4114224172462,16.9643783509,"ul. św. Michała 25, Poznań",Na żądanie
OZO-21136F9837B4,Miejsce ochronne,Obiekt ochrony ludności,,Poznań,Poznań,wielkopolskie,52.4127795554564,16.9620055359724,"ul. Tomickiego Piotra 20, Poznań",Na żądanie
OZO-FC1E27F034F0,Miejsce ochronne,Obiekt ochrony ludności,,Poznań,Poznań,wielkopolskie,52.4109692992208,16.9639880356758,"ul. św. Michała 19, Poznań",Na żądanie
OZO-1A273A039E45,Miejsce ochronne,Obiekt ochrony ludności,,Poznań,Poznań,wielkopolskie,52.4087724806067,16.9403297279996,"ul. Wenecjańska 10, Poznań",Na żądanie
OZO-3B293B5DEA76,Miejsce ochronne,Obiekt ochrony ludności,,Poznań,Poznań,wielkopolskie,52.4031920744318,16.9402147999945,"ul. św. Marii Magdaleny 14, Poznań",Na żądanie
OZO-68847A54914B,Miejsce ochronne,Obiekt ochrony ludności,,Poznań,Poznań,wielkopolskie,52.4087407678875,16.9422980909101,"ul. Chwaliszewo 67, Poznań",Na żądanie
OZO-85C3EF8D2DB2,Miejsce ochronne,Obiekt ochrony ludności,,Poznań,Poznań,wielkopolskie,52.408655081776,16.9412061406579,"ul. Chwaliszewo 5/6, Poznań",Na żądanie
OZO-E89E523DD712,Miejsce ochronne,Obiekt ochrony ludności,,Poznań,Poznań,wielkopolskie,52.4086701967592,16.9421467583879,"ul. Chwaliszewo 68, Poznań",Na żądanie
OZO-B9F3EAE64006,Miejsce ochronne,Obiekt ochrony ludności,,Poznań,Poznań,wielkopolskie,52.4121583497898,16.9633653378426,"ul. Andrzeja Łaskarza 2, Poznań",Na żądanie
OZO-7ECE5431A7AB,Miejsce ochronne,Obiekt ochrony ludności,,Poznań,Poznań,wielkopolskie,52.4086359191672,16.9410644149511,"ul. Chwaliszewo 5/6, Poznań",Na żądanie
OZO-91AD55D32D37,Miejsce ochronne,Obiekt ochrony ludności,,Poznań,Poznań,wielkopolskie,52.4337282638719,16.9359973803798,"ul. Murawa 39, Poznań",Określone godziny
OZO-92D4EAB0083D,Miejsce ochronne,Obiekt ochrony ludności,,Poznań,Poznań,wielkopolskie,52.4064943931056,16.9287278881824,"ul. Aleje Karola Marcinkowskiego 14, Poznań",Na żądanie
OZO-364A548F1AF6,Miejsce ochronne,Obiekt ochrony ludności,,Poznań,Poznań,wielkopolskie,52.434372942128,16.9428785582579,"ul. Czarna Rola 21A, Poznań",Na żądanie
OZO-038191A71E5A,Miejsce ochronne,Obiekt ochrony ludności,,Poznań,Poznań,wielkopolskie,52.4547224855718,16.8542252244544,"ul. Biskupińska 58b, Poznań",Na żądanie
OZO-6587A537B6E9,Miejsce ochronne,Obiekt ochrony ludności,,Poznań,Poznań,wielkopolskie,52.4040187108597,16.9146189532515,"ul. Towarowa 39, Poznań",Na żądanie
OZO-DF527AD97488,Miejsce ochronne,Obiekt ochrony ludności,,Poznań,Poznań,wielkopolskie,52.4094691206367,16.9356532662011,"ul. Dominikańska 6, Poznań",Na żądanie
OZO-8DDB9998480C,Miejsce ochronne,Obiekt ochrony ludności,,Poznań,Poznań,wielkopolskie,52.4102903065176,16.9274133577468,"ul. Wenecjańska 14a, Poznań",Na żądanie
OZO-C8A16FE8C245,Miejsce ochronne,Obiekt ochrony ludności,,Poznań,Poznań,wielkopolskie,52.4592687978057,16.9206888880526,"ul. Stefana Batorego 113, Poznań",Na żądanie
OZO-7273B8E8276B,Miejsce ochronne,Obiekt ochrony ludności,,Poznań,Poznań,wielkopolskie,52.4348561301343,16.950387673734,"ul. Hawelańska 6, Poznań",Na żądanie
OZO-F59F54C81684,Miejsce ochronne,Obiekt ochrony ludności,,Poznań,Poznań,wielkopolskie,52.4367035557806,16.9505850013599,"ul. Hawelańska 9, Poznań",Na żądanie
OZO-F8B69E2A1C21,Miejsce ochronne,Obiekt ochrony ludności,,Poznań,Poznań,wielkopolskie,52.4515754624145,16.9461618575796,"ul. Naramowicka 211B, Poznań",Na żądanie
OZO-70D5BC6B2876,Miejsce ochronne,Obiekt ochrony ludności,,Poznań,Poznań,wielkopolskie,52.4445245798885,16.9558109422009,"ul. Karpia 25, Poznań",Na żądanie
OZO-935716A39B5B,Miejsce ochronne,Obiekt ochrony ludności,,Poznań,Poznań,wielkopolskie,52.4456931429197,16.9562446218712,"ul. Karpia 25A, Poznań",Na żądanie
OZO-95D716D43278,Miejsce ochronne,Obiekt ochrony ludności,,Poznań,Poznań,wielkopolskie,52.4612183333333,16.8981266666667,"ul. Teofila Mateckiego 24, Poznań",Na żądanie
OZO-EAAE974FE7E2,Miejsce ochronne,Obiekt ochrony ludności,,Poznań,Poznań,wielkopolskie,52.4442248011214,16.9564968333377,"ul. Karpia 27, Poznań",Na żądanie
OZO-C9E0FAEEEB42,Miejsce ochronne,Obiekt ochrony ludności,,Poznań,Poznań,wielkopolskie,52.4451599700586,16.9545509745155,"ul. Karpia 23, Poznań",Na żądanie
OZO-B6D3C3F45ECE,Miejsce ochronne,Obiekt ochrony ludności,,Poznań,Poznań,wielkopolskie,52.4560648130767,16.94559758503,"ul. Błażeja 4A, Poznań",Na żądanie
OZO-779461B98755,Miejsce ochronne,Obiekt ochrony ludności,,Poznań,Poznań,wielkopolskie,52.3925403945911,16.9660934093923,"ul. Milczańska 16G, Poznań",Na żądanie
OZO-6B5C053E63B7,Miejsce ochronne,Obiekt ochrony ludności,,Poznań,Poznań,wielkopolskie,52.4014037269216,16.9278214591874,"ul. Półwiejska 42, Poznań",Na żądanie
OZO-2F2356449C5A,Miejsce ochronne,Obiekt ochrony ludności,,Poznań,Poznań,wielkopolskie,52.4579797307253,16.9453208219128,"ul. Błażeja 4H, Poznań",Na żądanie
OZO-339DF0C1E2B6,Miejsce ochronne,Obiekt ochrony ludności,,Poznań,Poznań,wielkopolskie,52.4563319154346,16.9428844549427,"ul. Błażeja 14B, Poznań",Na żądanie
OZO-67959CC9A7DD,Miejsce ochronne,Obiekt ochrony ludności,,Poznań,Poznań,wielkopolskie,52.4565758707265,16.9428234346876,"ul. Błażeja 14C, Poznań",Na żądanie
OZO-E8D57DBE4A32,Miejsce ochronne,Obiekt ochrony ludności,,Poznań,Poznań,wielkopolskie,52.4551432770958,16.9428469878355,"ul. Błażeja 11F, Poznań",Na żądanie
OZO-F45DF9B699A9,Miejsce ochronne,Obiekt ochrony ludności,,Poznań,Poznań,wielkopolskie,52.4525386843172,16.9488150705346,"ul. Naramowicka 176B, Poznań",Na żądanie
OZO-474A6F4D2180,Miejsce ochronne,Obiekt ochrony ludności,,Poznań,Poznań,wielkopolskie,52.3921836597809,16.9232526127823,"ul. Powstańcza 3, Poznań",Na żądanie
OZO-B76E03F0CD44,Miejsce ochronne,Obiekt ochrony ludności,,Poznań,Poznań,wielkopolskie,52.389762169863,16.9128774930317,"ul. Jana Umińskiego 24, Poznań",Na żądanie
OZO-D8FC974763B7,Miejsce ochronne,Obiekt ochrony ludności,,Poznań,Poznań,wielkopolskie,52.3852016776843,16.9168796687302,"ul. Romualda Traugutta 38B, Poznań",Na żądanie
OZO-6DA971E48A52,Miejsce ochronne,Obiekt ochrony ludności,,Poznań,Poznań,wielkopolskie,52.3636102151684,16.9027718699845,"ul. 28 Czerwca 1956 r. 382A, Poznań",Na żądanie
OZO-669995218D42,Miejsce ochronne,Obiekt ochrony ludności,,Poznań,Poznań,wielkopolskie,52.3637117722255,16.9036713910997,"ul. 28 Czerwca 1956 r. 382, Poznań",Na żądanie
OZO-933A907203F2,Miejsce ochronne,Obiekt ochrony ludności,,Poznań,Poznań,wielkopolskie,52.3635623006592,16.9018238457322,"ul. 28 Czerwca 1956 r. 382B, Poznań",Na żądanie
OZO-77063AA23D97,Miejsce ochronne,Obiekt ochrony ludności,,Poznań,Poznań,wielkopolskie,52.3876030390033,16.912145623227,"ul. Fabryczna 14, Poznań",Na żądanie
OZO-AD89B019E07C,Miejsce ochronne,Obiekt ochrony ludności,,Poznań,Poznań,wielkopolskie,52.3688268078239,16.9101296508967,"ul. Wiklinowa 5, Poznań",Na żądanie
OZO-90AEBB944786,Miejsce ochronne,Obiekt ochrony ludności,,Poznań,Poznań,wielkopolskie,52.4552837695577,16.9410720866531,"ul. Jasna Rola 42, Poznań",Na żądanie
OZO-85F10D9A8094,Miejsce ochronne,Obiekt ochrony ludności,,Poznań,Poznań,wielkopolskie,52.4570790335641,16.9454566103625,"ul. Błażeja 4E, Poznań",Na żądanie
OZO-3BB26EBB565F,Miejsce ochronne,Obiekt ochrony ludności,,Poznań,Poznań,wielkopolskie,52.4047911344695,16.9392653214831,"ul. Mostowa 25, Poznań",Na żądanie
OZO-E8315F966143,Miejsce ochronne,Obiekt ochrony ludności,,Poznań,Poznań,wielkopolskie,52.4127236943357,16.9362598483352,"ul. Grochowe Łąki 7a, Poznań",Na żądanie
OZO-E3C85905FC5A,Miejsce ochronne,Obiekt ochrony ludności,,Poznań,Poznań,wielkopolskie,52.4637791680986,16.9190402760017,"ul. Stefana Batorego 78, Poznań",Całodobowa
OZO-B080FF01519A,Miejsce ochronne,Obiekt ochrony ludności,,Tarnowo Podgórne,pow. poznański,wielkopolskie,52.4104460491887,16.7685332262369,"ul. Batorowska 15, Wysogotowo",Określone godziny
OZO-C3AB78191F08,Miejsce ochronne,Obiekt ochrony ludności,,Poznań,Poznań,wielkopolskie,52.3877325588171,17.0174247275176,"ul. Reknicka 4, Poznań",Na żądanie
OZO-8408D297EC32,Miejsce ochronne,Obiekt ochrony ludności,,Poznań,Poznań,wielkopolskie,52.4331931023225,16.9448233389907,"ul. Serbska 19, Poznań",Całodobowa
OZO-22160EF38F04,Miejsce ochronne,Obiekt ochrony ludności,,Poznań,Poznań,wielkopolskie,52.4622868075723,16.900415567236,"ul. Teofila Mateckiego 20A, Poznań",Całodobowa
OZO-3B4EB8D788F1,Miejsce ochronne,Obiekt ochrony ludności,,Poznań,Poznań,wielkopolskie,52.4236176794843,16.966248616125,"ul. Smolna 13, Poznań",Na żądanie
OZO-C737611D42AC,Miejsce ochronne,Obiekt ochrony ludności,,Poznań,Poznań,wielkopolskie,52.3987071155079,16.8738452376721,"ul. Cześnikowska 1b, Poznań",Na żądanie
OZO-C261EA4D1D5B,Miejsce ochronne,Obiekt ochrony ludności,,Poznań,Poznań,wielkopolskie,52.4136519295708,16.8845049744367,"ul. Augustyna Szamarzewskiego 89, Poznań",Na żądanie
OZO-2D33EE6266B3,Miejsce ochronne,Obiekt ochrony ludności,,Poznań,Poznań,wielkopolskie,52.3794068181472,16.9096710969877,"ul. 28 Czerwca 1956 r. 231-239, Poznań",Na żądanie
OZO-993A49542751,Miejsce ochronne,Obiekt ochrony ludności,,Poznań,Poznań,wielkopolskie,52.4096369195774,16.971952392241,"ul. Warszawska 67, Poznań",Na żądanie
OZO-4386285D30E3,Miejsce ochronne,Obiekt ochrony ludności,,Swarzędz,pow. poznański,wielkopolskie,52.4068395662349,17.083640828329,"ul. Polna 8, Swarzędz",Całodobowa
OZO-5F3886E0393B,Miejsce ochronne,Obiekt ochrony ludności,,Poznań,Poznań,wielkopolskie,52.3840006589976,16.9646119236321,"ul. Stare Żegrze 85, Poznań",Na żądanie
OZO-31ED8058BBA1,Miejsce ochronne,Obiekt ochrony ludności,,Poznań,Poznań,wielkopolskie,52.4229081485287,16.967106239831,"ul. Smolna 13, Poznań",Na żądanie
OZO-8A7F904B2E90,Miejsce ochronne,Obiekt ochrony ludności,,Tarnowo Podgórne,pow. poznański,wielkopolskie,52.4334095,16.79701994,"ul. Budowlanych 1, Baranowo",Na żądanie
OZO-4D85907E3F30,Miejsce ochronne,Obiekt ochrony ludności,,Poznań,Poznań,wielkopolskie,52.4051954329038,16.9235089313814,"ul. Taczaka Stanisława 4, Poznań",Na żądanie
OZO-4F82C5D8BBCA,Miejsce ochronne,Obiekt ochrony ludności,,Poznań,Poznań,wielkopolskie,52.41505862,16.91083266,"ul. Jeżycka 36, Poznań",Na żądanie
OZO-9559B9F869E2,Miejsce ochronne,Obiekt ochrony ludności,,Poznań,Poznań,wielkopolskie,52.4617241854467,16.9236727788218,"ul. Stefana Batorego 51, Poznań",Całodobowa
OZO-54BCE1CFC0EC,Miejsce ochronne,Obiekt ochrony ludności,,Poznań,Poznań,wielkopolskie,52.3994128234822,16.9564520348917,"ul. Polanka 8a, Poznań",Na żądanie
OZO-478364C5655F,Miejsce ochronne,Obiekt ochrony ludności,,Poznań,Poznań,wielkopolskie,52.3926338615082,16.9475513411728,"ul. Piastowskie 42, Poznań",Całodobowa
OZO-54F73B1B7FA2,Miejsce ochronne,Obiekt ochrony ludności,,Poznań,Poznań,wielkopolskie,52.459506192627,16.9228701677874,"ul. Henryka Opieńskiego 12, Poznań",Całodobowa
OZO-682316B90E8D,Miejsce ochronne,Obiekt ochrony ludności,,Poznań,Poznań,wielkopolskie,52.4416645571317,16.89621897139,"ul. Jasielska 14G, Poznań",Całodobowa
OZO-49AC6CAA9059,Miejsce ochronne,Obiekt ochrony ludności,,Poznań,Poznań,wielkopolskie,52.4084526972654,16.943487096766,"ul. Tylne Chwaliszewo 25, Poznań",Określone godziny
OZO-AA27D9C295A3,Miejsce ochronne,Obiekt ochrony ludności,,Poznań,Poznań,wielkopolskie,52.4142354958858,16.8829620709311,"ul. Augustyna Szamarzewskiego 91, Poznań",Na żądanie
OZO-3F95FE4934EF,Miejsce ochronne,Obiekt ochrony ludności,,Poznań,Poznań,wielkopolskie,52.4619515717211,16.9243277274148,"ul. Stefana Batorego 52, Poznań",Całodobowa
OZO-C2827807FAF6,Miejsce ochronne,Obiekt ochrony ludności,,Swarzędz,pow. poznański,wielkopolskie,52.3848566489817,17.0957767479975,"ul. Izabelin 70, Kruszewnia",Całodobowa
OZO-FFE5206FE68B,Miejsce ochronne,Obiekt ochrony ludności,,Poznań,Poznań,wielkopolskie,52.4450239089302,16.8713130475108,"ul. Moniki Cegłowskiej 5B, Poznań",Całodobowa
OZO-95554F723AA2,Miejsce ochronne,Obiekt ochrony ludności,,Tarnowo Podgórne,pow. poznański,wielkopolskie,52.4104816727463,16.7685067895124,"ul. Batorowska 15, Wysogotowo",Na żądanie
OZO-C23023D5B0EB,Miejsce ochronne,Obiekt ochrony ludności,,Poznań,Poznań,wielkopolskie,52.3965907816751,16.967567131907,"ul. Katowicka 87, Poznań",Na żądanie
OZO-93DC84267549,Miejsce ochronne,Obiekt ochrony ludności,,Poznań,Poznań,wielkopolskie,52.4132025966948,16.9402708710471,"ul. Garbary 104F, Poznań",Na żądanie
OZO-BFE999D89498,Miejsce ochronne,Obiekt ochrony ludności,,Poznań,Poznań,wielkopolskie,52.3837368810955,16.9662930484326,"ul. Stare Żegrze 114c, Poznań",Na żądanie
OZO-97E85FAC45A4,Miejsce ochronne,Obiekt ochrony ludności,,Poznań,Poznań,wielkopolskie,52.4297285818233,16.9181835219605,"ul. Piątkowska 94a, Poznań",Całodobowa
OZO-D8A014526D85,Miejsce ochronne,Obiekt ochrony ludności,,Poznań,Poznań,wielkopolskie,52.4422567901182,16.8685675730352,"ul. Elżbiety Zawackiej 9, Poznań",Całodobowa
OZO-AC84BB3EE5F9,Miejsce ochronne,Obiekt ochrony ludności,,Poznań,Poznań,wielkopolskie,52.4040214420869,16.8880680577568,"ul. Stanisława Przybyszewskiego 49, Poznań",Na żądanie
OZO-5CCC03323627,Miejsce ochronne,Obiekt ochrony ludności,,Poznań,Poznań,wielkopolskie,52.395027127458,16.9361341944134,"ul. Bielniki 5, Poznań",Na żądanie
OZO-55C252EE828E,Miejsce ochronne,Obiekt ochrony ludności,,Poznań,Poznań,wielkopolskie,52.3855531133644,16.8849435434141,"ul. Sielska 22, Poznań",Całodobowa
OZO-CE738919290C,Miejsce ochronne,Obiekt ochrony ludności,,Poznań,Poznań,wielkopolskie,52.4612446419038,16.9236835957471,"ul. Stefana Batorego 32, Poznań",Całodobowa
OZO-4DB1120EDF06,Miejsce ochronne,Obiekt ochrony ludności,,Poznań,Poznań,wielkopolskie,52.3902629466682,16.8622783743135,"ul. Smardzewska 20, Poznań",Całodobowa
OZO-EAA1041DB9EE,Miejsce ochronne,Obiekt ochrony ludności,,Poznań,Poznań,wielkopolskie,52.3981257166705,16.9452972695908,"ul. św. Rocha 19n, Poznań",Na żądanie
OZO-C6B47917497A,Miejsce ochronne,Obiekt ochrony ludności,,Poznań,Poznań,wielkopolskie,52.3877632535937,16.8659544255892,"ul. Jugosłowiańska 54a, Poznań",Na żądanie
OZO-F11C66CFA6AC,Miejsce ochronne,Obiekt ochrony ludności,,Poznań,Poznań,wielkopolskie,52.4089305476523,16.8743017436375,"ul. Modra 17, Poznań",Całodobowa
OZO-3872C7E3519A,Miejsce ochronne,Obiekt ochrony ludności,,Poznań,Poznań,wielkopolskie,52.3892048820325,16.9132715682103,"ul. Antoniego Kosińskiego 20, Poznań",Na żądanie
OZO-71C3FC16DA7A,Miejsce ochronne,Obiekt ochrony ludności,,Poznań,Poznań,wielkopolskie,52.4123025801499,16.9325998694268,"ul. Podgórze 11, Poznań",Na żądanie
OZO-1066901363B0,Miejsce ochronne,Obiekt ochrony ludności,,Poznań,Poznań,wielkopolskie,52.4546785012142,16.9423486836917,"ul. Jasna Rola 40A, Poznań",Całodobowa
OZO-492CE08F4274,Miejsce ochronne,Obiekt ochrony ludności,,Poznań,Poznań,wielkopolskie,52.4053907731573,16.8879535686634,"ul. Stanisława Przybyszewskiego 62, Poznań",Na żądanie
OZO-F164D359BEF8,Miejsce ochronne,Obiekt ochrony ludności,,Poznań,Poznań,wielkopolskie,52.4143029447371,16.8903169851164,"ul. Stanisława Przybyszewskiego 10, Poznań",Na żądanie
OZO-4ECD973755C7,Miejsce ochronne,Obiekt ochrony ludności,,Poznań,Poznań,wielkopolskie,52.4425421290987,16.8949063285236,"ul. Jasielska 12E, Poznań",Całodobowa
OZO-343093EB594C,Miejsce ochronne,Obiekt ochrony ludności,,Poznań,Poznań,wielkopolskie,52.404832881466,16.9280307247667,"ul. Piekary 7, Poznań",Określone godziny
OZO-A5EF9BD19E99,Miejsce ochronne,Obiekt ochrony ludności,,Poznań,Poznań,wielkopolskie,52.4642236024451,16.9197232008613,"ul. Stefana Batorego 80B, Poznań",Całodobowa
OZO-FC67FA6C919D,Miejsce ochronne,Obiekt ochrony ludności,,Poznań,Poznań,wielkopolskie,52.4414193744828,16.8883668736864,"ul. Druskienicka 2E, Poznań",Całodobowa
OZO-A4A43A8D56A2,Miejsce ochronne,Obiekt ochrony ludności,,Poznań,Poznań,wielkopolskie,52.4622224226956,16.9232068034989,"ul. Stefana Batorego 57c, Poznań",Całodobowa
OZO-5109B0AEF5E8,Miejsce ochronne,Obiekt ochrony ludności,,Poznań,Poznań,wielkopolskie,52.3826200758957,16.887936637219,"ul. Daleka 15, Poznań",Na żądanie
OZO-F7DAA0D35D51,Miejsce ochronne,Obiekt ochrony ludności,,Poznań,Poznań,wielkopolskie,52.3945333333333,16.927855,"ul. Jana Spychalskiego 34, Poznań",Całodobowa
OZO-2EBAC50E2435,Miejsce ochronne,Obiekt ochrony ludności,,Poznań,Poznań,wielkopolskie,52.3889023,16.8574709821426,"ul. Smardzewska 5, Poznań",Na żądanie
OZO-658FC0F5955D,Miejsce ochronne,Obiekt ochrony ludności,,Poznań,Poznań,wielkopolskie,52.3602779731844,16.9036493464998,"ul. 28 Czerwca 1956 r. 400, Poznań",Na żądanie
OZO-2EDB2727339C,Miejsce ochronne,Obiekt ochrony ludności,,Poznań,Poznań,wielkopolskie,52.3986867244263,16.8961342521688,"ul. Kazimierza Jarochowskiego 2, Poznań",Na żądanie
OZO-0129C4DE5F26,Miejsce ochronne,Obiekt ochrony ludności,,Poznań,Poznań,wielkopolskie,52.4428530450077,16.8938433782586,"ul. Jasielska 12J, Poznań",Całodobowa
OZO-D166B15A080C,Miejsce ochronne,Obiekt ochrony ludności,,Poznań,Poznań,wielkopolskie,52.401797516691,16.9097909846306,"ul. Głogowska 15, Poznań",Na żądanie
OZO-1CE37C176928,Miejsce ochronne,Obiekt ochrony ludności,,Poznań,Poznań,wielkopolskie,52.4416486650899,16.9282990214081,"ul. Zwycięstwa 6, Poznań",Całodobowa
OZO-B1317A5DBA08,Miejsce ochronne,Obiekt ochrony ludności,,Poznań,Poznań,wielkopolskie,52.4358490808834,16.9119941845458,"ul. Piątkowska 161, Poznań",Określone godziny
OZO-8BEF743B10D6,Miejsce ochronne,Obiekt ochrony ludności,,Poznań,Poznań,wielkopolskie,52.3884676883584,16.8658825129071,"ul. Jugosłowiańska 54f, Poznań",Na żądanie
OZO-55EEBCF4D415,Miejsce ochronne,Obiekt ochrony ludności,,Swarzędz,pow. poznański,wielkopolskie,52.4014791069854,17.0595391382469,"ul. Graniczna 55, Swarzędz",Całodobowa
OZO-F118C845F964,Miejsce ochronne,Obiekt ochrony ludności,,Poznań,Poznań,wielkopolskie,52.3968650506025,16.9349388111927,"ul. Droga Dębińska 11, Poznań",Na żądanie
OZO-827B956249FC,Miejsce ochronne,Obiekt ochrony ludności,,Poznań,Poznań,wielkopolskie,52.438664379807,16.9406476957396,"ul. Wichrowe Wzgórze 105, Poznań",Określone godziny
OZO-A979A4727723,Miejsce ochronne,Obiekt ochrony ludności,,Poznań,Poznań,wielkopolskie,52.4209274730558,16.9167754819948,"ul. Drzymały Michała 26C, Poznań",Na żądanie
OZO-5839020CA8F9,Miejsce ochronne,Obiekt ochrony ludności,,Poznań,Poznań,wielkopolskie,52.4625499854596,16.89939930463,"ul. Teofila Mateckiego 20, Poznań",Całodobowa
OZO-911B8D484630,Miejsce ochronne,Obiekt ochrony ludności,,Poznań,Poznań,wielkopolskie,52.4572254706026,16.9510022443491,"ul. Bratumiły 2, Poznań",Całodobowa
OZO-AAA7572FB2E1,Miejsce ochronne,Obiekt ochrony ludności,,Poznań,Poznań,wielkopolskie,52.409940835297,16.8893107131323,"ul. Stanisława Przybyszewskiego 37, Poznań",Na żądanie
OZO-DE15CCFC625F,Miejsce ochronne,Obiekt ochrony ludności,,Luboń,pow. poznański,wielkopolskie,52.342880122035,16.8835338795051,"ul. Wschodnia 26A, Luboń",Na żądanie
OZO-66C4F247F524,Miejsce ochronne,Obiekt ochrony ludności,,Poznań,Poznań,wielkopolskie,52.4231926021634,16.9659725879934,"ul. Smolna 13D, Poznań",Na żądanie
OZO-E1B687814E84,Miejsce ochronne,Obiekt ochrony ludności,,Poznań,Poznań,wielkopolskie,52.4340543923432,16.9434046767751,"ul. Kosmonautów 3, Poznań",Całodobowa
OZO-4412F3E11B4D,Miejsce ochronne,Obiekt ochrony ludności,,Swarzędz,pow. poznański,wielkopolskie,52.3982283530749,17.0513219745137,"ul. Teofila Kaczorowskiego 13, Swarzędz",Całodobowa
OZO-9108C6FC64C1,Miejsce ochronne,Obiekt ochrony ludności,,Poznań,Poznań,wielkopolskie,52.3894801188211,17.0072082695585,"ul. Folwarczna 23C, Poznań",Na żądanie
OZO-0C6E36D1D716,Miejsce ochronne,Obiekt ochrony ludności,,Poznań,Poznań,wielkopolskie,52.45770447,16.95096227,"ul. Bratumiły 4, Poznań",Na żądanie
OZO-36E31FBA40A0,Miejsce ochronne,Obiekt ochrony ludności,,Poznań,Poznań,wielkopolskie,52.3811049211682,16.9687977791619,"ul. Orła Białego 115, Poznań",Na żądanie
OZO-4CC3AFCBE085,Miejsce ochronne,Obiekt ochrony ludności,,Poznań,Poznań,wielkopolskie,52.38129417,16.8502347,"ul. Junikowska 35, Poznań",Określone godziny
OZO-9C2DF73508C9,Miejsce ochronne,Obiekt ochrony ludności,,Poznań,Poznań,wielkopolskie,52.39149652868227,16.956645010360738,"27, Poznań",Całodobowa
OZO-3F9FC8F9EA22,Miejsce ochronne,Obiekt ochrony ludności,,Poznań,Poznań,wielkopolskie,52.41185206,16.88383322,"59B-65B, Poznań",Na żądanie
OZO-BF2D555EA667,Miejsce ochronne,Obiekt ochrony ludności,,Poznań,Poznań,wielkopolskie,52.41408868,16.88539535,"ul. Szamotulska 78-82, Poznań",Na żądanie
OZO-5AD21C6C71EE,Miejsce ochronne,Obiekt ochrony ludności,,Poznań,Poznań,wielkopolskie,52.3924524718087,16.9667976296932,"ul. Milczańska 18E, Poznań",Na żądanie
OZO-E5E3013BCC34,Miejsce ochronne,Obiekt ochrony ludności,,Poznań,Poznań,wielkopolskie,52.3910722165406,16.9027408330927,"ul. Józefa Łukaszewicza 37, Poznań",Na żądanie
OZO-2D258A0D08D4,Miejsce ochronne,Obiekt ochrony ludności,,Poznań,Poznań,wielkopolskie,52.41403609,16.92272364,"al. Niepodległości 32, Poznań",Na żądanie
OZO-F060E9C378BA,Miejsce ochronne,Obiekt ochrony ludności,,Mosina,pow. poznański,wielkopolskie,52.3294709730609,16.9153664991778,"ul. Sowia 11B, Czapury",Na żądanie
OZO-883F761FCAA3,Miejsce ochronne,Obiekt ochrony ludności,,Poznań,Poznań,wielkopolskie,52.39125449,16.89626978,"ul. Potockiej Klaudyny 24/28, Poznań",Na żądanie
OZO-129F1703CF09,Miejsce ochronne,Obiekt ochrony ludności,,Poznań,Poznań,wielkopolskie,52.399181185649,16.9634659529433,"ul. Katowicka 23, Poznań",Całodobowa
OZO-BE8E58DED72E,Miejsce ochronne,Obiekt ochrony ludności,,Poznań,Poznań,wielkopolskie,52.4161121558912,16.8823063643322,"ul. Ludwika Waryńskiego 2a, Poznań",Na żądanie
OZO-9951CA176484,Miejsce ochronne,Obiekt ochrony ludności,,Mosina,pow. poznański,wielkopolskie,52.3287623416923,16.9166392073555,"ul. Wiewiórcza 2A, Czapury",Na żądanie
OZO-6429097A6BB7,Miejsce ochronne,Obiekt ochrony ludności,,Poznań,Poznań,wielkopolskie,52.3934155916737,16.8739877884525,"ul. Macieja Palacza 120a, Poznań",Całodobowa
OZO-6CF9D9D2D2D8,Miejsce ochronne,Obiekt ochrony ludności,,Poznań,Poznań,wielkopolskie,52.3937085141028,16.9660189546585,"ul. Milczańska 12I, Poznań",Całodobowa
OZO-8D500709C5CD,Miejsce ochronne,Obiekt ochrony ludności,,Poznań,Poznań,wielkopolskie,52.3953213573555,16.9661599137916,"ul. Katowicka 89D, Poznań",Na żądanie
OZO-9424AB4F5F3E,Miejsce ochronne,Obiekt ochrony ludności,,Poznań,Poznań,wielkopolskie,52.431177488729,16.9341799323141,"ul. Słowiańska 53b, Poznań",Całodobowa
OZO-D7E62551F4BD,Miejsce ochronne,Obiekt ochrony ludności,,Poznań,Poznań,wielkopolskie,52.3873030871094,16.8841057721917,"ul. Górczyńska 42, Poznań",Na żądanie
OZO-433B5B3B42BA,Miejsce ochronne,Obiekt ochrony ludności,,Poznań,Poznań,wielkopolskie,52.4624391092268,16.9282086290583,"ul. Stefana Batorego 41, Poznań",Całodobowa
OZO-06BD9C2004DA,Miejsce ochronne,Obiekt ochrony ludności,,Poznań,Poznań,wielkopolskie,52.4290239677044,16.9535684185749,"ul. Wilczak 18, Poznań",Na żądanie
OZO-39E2DB9209FF,Miejsce ochronne,Obiekt ochrony ludności,,Poznań,Poznań,wielkopolskie,52.3862241475349,16.8683739602017,"ul. Promienista 131A, Poznań",Na żądanie
OZO-EBA854F4C37A,Miejsce ochronne,Obiekt ochrony ludności,,Poznań,Poznań,wielkopolskie,52.3890374986595,16.9121654084479,"ul. Jana Umińskiego 21, Poznań",Na żądanie
OZO-29E75925EFF6,Miejsce ochronne,Obiekt ochrony ludności,,Poznań,Poznań,wielkopolskie,52.4024283152085,16.9368413542103,"ul. Garbary 16, Poznań",Na żądanie
OZO-E1284D9B246A,Miejsce ochronne,Obiekt ochrony ludności,,Poznań,Poznań,wielkopolskie,52.4275415345827,16.9351826768846,"ul. Na Murawie 13B, Poznań",Na żądanie
OZO-001D7F4CD7E2,Miejsce ochronne,Obiekt ochrony ludności,,Poznań,Poznań,wielkopolskie,52.462826270263,16.9229495633727,"ul. Stefana Batorego 57f, Poznań",Całodobowa
OZO-3FBFB5F569C0,Miejsce ochronne,Obiekt ochrony ludności,,Poznań,Poznań,wielkopolskie,52.4209424161417,16.9745290488077,"ul. Studniarskiego Aleksandra 1A, Poznań",Na żądanie
OZO-82E5BFFCDE6E,Miejsce ochronne,Obiekt ochrony ludności,,Poznań,Poznań,wielkopolskie,52.447202443094,16.9252000003004,"ul. Floriana Znanieckiego 12d, Poznań",Całodobowa
OZO-F880D9B92738,Miejsce ochronne,Obiekt ochrony ludności,,Poznań,Poznań,wielkopolskie,52.4083205948287,16.9223732397797,"ul. Seweryna Mielżyńskiego 14, Poznań",Na żądanie
OZO-F52358D2F575,Miejsce ochronne,Obiekt ochrony ludności,,Poznań,Poznań,wielkopolskie,52.3872951243013,16.9163263947313,"ul. 28 Czerwca 1956 r. 160a, Poznań",Na żądanie
OZO-97E47FA054FE,Miejsce ochronne,Obiekt ochrony ludności,,Poznań,Poznań,wielkopolskie,52.4357374790031,16.9497314589388,"ul. Hawelańska 2, Poznań",Na żądanie
OZO-39DDD3F77E13,Miejsce ochronne,Obiekt ochrony ludności,,Poznań,Poznań,wielkopolskie,52.4102736,16.9588853,"ul. Konarskiego Stanisława 3, Poznań",Na żądanie
OZO-3B1C613BFC15,Miejsce ochronne,Obiekt ochrony ludności,,Poznań,Poznań,wielkopolskie,52.407409135442,16.8878141776136,"ul. Stanisława Przybyszewskiego 36, Poznań",Na żądanie
OZO-8A69775691D1,Miejsce ochronne,Obiekt ochrony ludności,,Poznań,Poznań,wielkopolskie,52.3956721038462,16.899055564942,"ul. Andrzeja i Władysława Niegolewskich 10, Poznań",Na żądanie
OZO-D0B11A9C307A,Miejsce ochronne,Obiekt ochrony ludności,,Poznań,Poznań,wielkopolskie,52.3872879577741,16.8631366811987,"ul. Galileusza 6b, Poznań",Na żądanie
OZO-ABAB5C52ABFB,Miejsce ochronne,Obiekt ochrony ludności,,Poznań,Poznań,wielkopolskie,52.4110188527193,16.8991714980215,"ul. Piotra Wawrzyniaka 23/25, Poznań",Na żądanie
OZO-17837931C5C7,Miejsce ochronne,Obiekt ochrony ludności,,Poznań,Poznań,wielkopolskie,52.4146106158744,16.8857634570504,"ul. Szamotulska 88, Poznań",Na żądanie
OZO-D310DB498DAB,Miejsce ochronne,Obiekt ochrony ludności,,Poznań,Poznań,wielkopolskie,52.411586550256,16.9243632987721,"ul. Działyńskich 4/5, Poznań",Na żądanie
OZO-153E3873A7BC,Miejsce ochronne,Obiekt ochrony ludności,,Komorniki,pow. poznański,wielkopolskie,52.3354383232466,16.8299090149021,"ul. Forsycjowa 2B, Komorniki",Na żądanie
OZO-6724E8B68420,Miejsce ochronne,Obiekt ochrony ludności,,Czerwonak,pow. poznański,wielkopolskie,52.5118271035745,16.9849464795459,"ul. Poprzeczna 13B, Owińska",Całodobowa
OZO-24210FDE3124,Miejsce ochronne,Obiekt ochrony ludności,,Czerwonak,pow. poznański,wielkopolskie,52.4541786828879,16.9913272451657,"ul. Marszałka Józefa Piłsudskiego 27A, Koziegłowy",Na żądanie
OZO-F65AEE905ED4,Miejsce ochronne,Obiekt ochrony ludności,,Swarzędz,pow. poznański,wielkopolskie,52.4106019692238,17.0784398095418,"ul. Rynek 36, Swarzędz",Na żądanie
OZO-7CC4440979A9,Miejsce ochronne,Obiekt ochrony ludności,,Poznań,Poznań,wielkopolskie,52.4000036889506,16.8631328624177,"ul. Bułgarska 55, Poznań",Na żądanie
OZO-99C22B042BA6,Miejsce ochronne,Obiekt ochrony ludności,,Poznań,Poznań,wielkopolskie,52.3884504999991,17.0075557999997,"ul. Folwarczna 34, Poznań",Na żądanie
OZO-8447A80C3380,Miejsce ochronne,Obiekt ochrony ludności,,Poznań,Poznań,wielkopolskie,52.3902321571605,16.9521792135206,"ul. Jagiellońskie 113, Poznań",Na żądanie
OZO-1B7A2D6EC753,Miejsce ochronne,Obiekt ochrony ludności,,Poznań,Poznań,wielkopolskie,52.3907088969354,16.9514798985384,"ul. Jagiellońskie 110, Poznań",Na żądanie
OZO-DDED36879FB7,Miejsce ochronne,Obiekt ochrony ludności,,Poznań,Poznań,wielkopolskie,52.3928351144032,16.9665895925155,"ul. Milczańska 16I, Poznań",Na żądanie
OZO-94E33F763E91,Miejsce ochronne,Obiekt ochrony ludności,,Poznań,Poznań,wielkopolskie,52.4105993414916,16.9320175254769,"ul. Wielkopolski 10/11b, Poznań",Na żądanie
OZO-004806C43825,Miejsce ochronne,Obiekt ochrony ludności,,Poznań,Poznań,wielkopolskie,52.4556508808033,16.9404792343023,"ul. Błażeja 17A, Poznań",Na żądanie
OZO-8CA027686A67,Miejsce ochronne,Obiekt ochrony ludności,,Poznań,Poznań,wielkopolskie,52.445434756216,16.891645291137,"ul. Jasielska 5, Poznań",Całodobowa
OZO-B65DCC3857B0,Miejsce ochronne,Obiekt ochrony ludności,,Poznań,Poznań,wielkopolskie,52.37317569640434,16.968373060226444,"ul. Stanisława Zwierzchowskiego 29, Poznań",Na żądanie
OZO-6B6042C8D620,Miejsce ochronne,Obiekt ochrony ludności,,Puszczykowo,pow. poznański,wielkopolskie,52.2946243999974,16.8527611999991,"ul. Przecznica 15, Puszczykowo",Na żądanie
OZO-B6E554745572,Miejsce ochronne,Obiekt ochrony ludności,,Poznań,Poznań,wielkopolskie,52.4001796452117,16.9380655919467,"ul. Kazimierza Wielkiego 5, Poznań",Na żądanie
OZO-997C6AED1EA7,Miejsce ochronne,Obiekt ochrony ludności,,Poznań,Poznań,wielkopolskie,52.40905884252388,16.925047721929538,"ul. Maja 3 48, Poznań",Na żądanie
OZO-EAE46AD776E6,Miejsce ochronne,Obiekt ochrony ludności,,Poznań,Poznań,wielkopolskie,52.40921479,16.92412988,"pl. Ratajskiego Cyryla 1A, Poznań",Na żądanie
OZO-1AC7C5B7423B,Miejsce ochronne,Obiekt ochrony ludności,,Poznań,Poznań,wielkopolskie,52.41422956,16.89622494,"ul. Dąbrowskiego Jana Henryka 92-94, Poznań",Na żądanie
OZO-D1C6F8F91569,Miejsce ochronne,Obiekt ochrony ludności,,Poznań,Poznań,wielkopolskie,52.41030098,16.9018045,"ul. Szamarzewskiego Augustyna 4-6, Poznań",Na żądanie
OZO-935CEF591FDE,Miejsce ochronne,Obiekt ochrony ludności,,Poznań,Poznań,wielkopolskie,52.41589676,16.87626995,"ul. Piękna 36, Poznań",Na żądanie
OZO-708F69351191,Miejsce ochronne,Obiekt ochrony ludności,,Poznań,Poznań,wielkopolskie,52.41709515,16.88506465,"ul. Botaniczna 2, Poznań",Na żądanie
OZO-52B4EE38A682,Miejsce ochronne,Obiekt ochrony ludności,,Poznań,Poznań,wielkopolskie,52.41664645,16.95756795,"ul. Bernata ks. Zdzisława 10, Poznań",Całodobowa
OZO-14C4E626A60F,Miejsce ochronne,Obiekt ochrony ludności,,Poznań,Poznań,wielkopolskie,52.41313619,16.93913975,"ul. Garbary 102, Poznań",Całodobowa
OZO-7FE4B9A35816,Miejsce ochronne,Obiekt ochrony ludności,,Poznań,Poznań,wielkopolskie,52.40488656724926,16.97694003582001,"ul. Termalna Budynek 1, Poznań",Całodobowa
OZO-CB67571DA32A,Miejsce ochronne,Obiekt ochrony ludności,,Poznań,Poznań,wielkopolskie,52.4040552907669,16.97786539793015,"ul. Termalna Budynek 4, Poznań",Całodobowa
OZO-2589C49127B3,Miejsce ochronne,Obiekt ochrony ludności,,Poznań,Poznań,wielkopolskie,52.40488983996036,16.977157294750217,"ul. Termalna Budynek 2, Poznań",Całodobowa
OZO-AD787A6B4DDF,Miejsce ochronne,Obiekt ochrony ludności,,Poznań,Poznań,wielkopolskie,52.40442183980785,16.97848498821259,"ul. Termalna Budynek 5, Poznań",Całodobowa
OZO-A4C521AAF080,Miejsce ochronne,Obiekt ochrony ludności,,Poznań,Poznań,wielkopolskie,52.40421565634705,16.977441608905796,"ul. Termalna Budynek 3, Poznań",Całodobowa
OZO-A0F98B5B6D17,Miejsce ochronne,Obiekt ochrony ludności,,Poznań,Poznań,wielkopolskie,52.41678441,16.91964314,"ul. Pułaskiego Kazimierza 19, Poznań",Całodobowa
OZO-990D7C22D45B,Miejsce ochronne,Obiekt ochrony ludności,,Poznań,Poznań,wielkopolskie,52.40622665,16.93614106,"ul. Za Bramką 1, Poznań",Całodobowa
OZO-D492211F3A4C,Miejsce ochronne,Obiekt ochrony ludności,,Nieznana,Poznań,wielkopolskie,52.4114119,16.94124775,"ul. Szyperska 12, Poznań",Całodobowa
OZO-D78711996CB2,Miejsce ochronne,Obiekt ochrony ludności,,Nieznana,Poznań,wielkopolskie,52.40105,16.93577,"1,2, Garbary",Całodobowa
OZO-69C3DFEB6B18,Miejsce ochronne,Obiekt ochrony ludności,,Nieznana,Poznań,wielkopolskie,52.40520857497811,16.92305450817298,"ul. Taczaka Stanisława 5, Poznań-Stare Miasto",Całodobowa
OZO-4B2E9B2625B3,Miejsce ochronne,Obiekt ochrony ludności,,Nieznana,Poznań,wielkopolskie,52.40376445712652,16.925770104957174,"ul. Ogrodowa 12, Poznań-Stare Miasto",Całodobowa
OZO-7713EC4EBC21,Miejsce ochronne,Obiekt ochrony ludności,,Nieznana,Poznań,wielkopolskie,52.4045717214366,16.92778992891684,"ul. Piekary 18, Poznań-Stare Miasto",Całodobowa
OZO-8550DC123B33,Miejsce ochronne,Obiekt ochrony ludności,,Nieznana,Poznań,wielkopolskie,52.40479890162623,16.932513893027547,"ul. Strzelecka 8, Poznań-Stare Miasto",Całodobowa
OZO-E4BE8D04A3B4,Miejsce ochronne,Obiekt ochrony ludności,,Nieznana,Poznań,wielkopolskie,52.4047630627414,16.930311622037582,"ul. Krysiewicza Bolesława 9, Poznań-Stare Miasto",Całodobowa
OZO-BAB1067A9593,Miejsce ochronne,Obiekt ochrony ludności,,Nieznana,Poznań,wielkopolskie,52.41544598204391,16.95591518098274,"ul. Bernata ks. Zdzisława 4, Poznań-Nowe Miasto",Całodobowa
OZO-12B126EBEF5F,Miejsce ochronne,Obiekt ochrony ludności,,Nieznana,Poznań,wielkopolskie,52.39899022673299,16.92937541444091,"51, Poznań-Wilda",Całodobowa
OZO-DB8E2975F33E,Miejsce ochronne,Obiekt ochrony ludności,,Poznań,Poznań,wielkopolskie,52.4035,16.898,"4, Poznań",Na żądanie
OZO-EDBD3E87E469,Miejsce ochronne,Obiekt ochrony ludności,,Poznań,Poznań,wielkopolskie,52.4165,16.896,"23, Poznań",Na żądanie
OZO-B6AC5DA321E9,Miejsce ochronne,Obiekt ochrony ludności,,Poznań,Poznań,wielkopolskie,52.4007,16.9025,"12, Poznań",Na żądanie
OZO-820BEB470433,Miejsce ochronne,Obiekt ochrony ludności,,Poznań,Poznań,wielkopolskie,52.4052409760164,16.932240724994,"ul. Strzelecka 5, Poznań",Całodobowa
OZO-5B8E5D986383,Miejsce ochronne,Obiekt ochrony ludności,,Poznań,Poznań,wielkopolskie,52.40890181,16.94055832,"8, Poznań",Na żądanie
OZO-A91633C91173,Miejsce ochronne,Obiekt ochrony ludności,,Poznań,Poznań,wielkopolskie,52.42298391,16.94781507,"29, Poznań",Na żądanie
OZO-27D6DE763BB3,Miejsce ochronne,Obiekt ochrony ludności,,Poznań,Poznań,wielkopolskie,52.42375,16.97418,"19, Poznań",Na żądanie
OZO-5B39B7B029AA,Miejsce ochronne,Obiekt ochrony ludności,,Nieznana,Poznań,wielkopolskie,52.4019,16.93442,"37, Stare Miasto",Całodobowa
OZO-6D8BF552EE51,Miejsce ochronne,Obiekt ochrony ludności,,Poznań,Poznań,wielkopolskie,52.40932,16.93876,"22, Poznań",Całodobowa
OZO-E1BA4A8585B7,Miejsce ochronne,Obiekt ochrony ludności,,Poznań,Poznań,wielkopolskie,52.41206,16.93425,"2, Poznań",Na żądanie
OZO-FC73198766D9,Miejsce ochronne,Obiekt ochrony ludności,,Poznań,Poznań,wielkopolskie,52.4128,16.93428,"3, Poznań",Na żądanie
OZO-729816C69B97,Miejsce ochronne,Obiekt ochrony ludności,,Nieznana,Poznań,wielkopolskie,52.4144,16.94049,"112, Stare Miasto",Na żądanie
OZO-EB3728EAA1E5,Miejsce ochronne,Obiekt ochrony ludności,,Poznań,Poznań,wielkopolskie,52.40588,16.93026,"2, Poznań",Na żądanie
OZO-8875C35F57C7,Miejsce ochronne,Obiekt ochrony ludności,,Poznań,Poznań,wielkopolskie,52.40885,16.943739,"8, Poznań",Na żądanie
OZO-DCB533831CE3,Miejsce ochronne,Obiekt ochrony ludności,,Poznań,Poznań,wielkopolskie,52.39237976526962,16.89191266894341,"ul. Chociszewskiego Józefa 22, Poznań",Na żądanie
OZO-5B863CD9B9B9,Miejsce ochronne,Obiekt ochrony ludności,,Poznań,Poznań,wielkopolskie,52.39067917,16.8918415,"ul. Hetmańska 36/38, Poznań",Na żądanie
OZO-DB4D1542A19D,Miejsce ochronne,Obiekt ochrony ludności,,Swarzędz,pow. poznański,wielkopolskie,52.4021897707786,17.058704495429996,"55, Swarzędz",Całodobowa
OZO-8DC6FBD3C85D,Miejsce ochronne,Obiekt ochrony ludności,,Swarzędz,pow. poznański,wielkopolskie,52.40449575,17.0744246,"24, Swarzędz",Całodobowa
OZO-E06A3E7ED8D3,Miejsce ochronne,Obiekt ochrony ludności,,Poznań,Poznań,wielkopolskie,52.40659145,17.04080673,"373, Poznań",Całodobowa
OZO-1E6FAB4CE790,Miejsce ochronne,Obiekt ochrony ludności,,Poznań,Poznań,wielkopolskie,52.39116235,16.89183087,"ul. Hetmańska 35/37, Poznań",Na żądanie
OZO-FC48664B4B7D,Miejsce ochronne,Obiekt ochrony ludności,,Poznań,Poznań,wielkopolskie,52.46034986337294,16.898723956829038,"23, Poznań",Na żądanie
OZO-DFC67DCBC6BE,Miejsce ochronne,Obiekt ochrony ludności,,Poznań,Poznań,wielkopolskie,52.460815,16.89886728,"23, Poznań",Na żądanie
OZO-DA9E69C8642E,Miejsce ochronne,Obiekt ochrony ludności,,Poznań,Poznań,wielkopolskie,52.461379268946764,16.899580366141144,"23, Poznań",Na żądanie
OZO-39409C558F18,Miejsce ochronne,Obiekt ochrony ludności,,Poznań,Poznań,wielkopolskie,52.46102707007888,16.8996258362039,"23, Poznań",Na żądanie
OZO-A35061DCFFCA,Miejsce ochronne,Obiekt ochrony ludności,,Poznań,Poznań,wielkopolskie,52.38980497313181,16.94808885455132,"64, Poznań",Całodobowa
OZO-A3EDE357BF92,Miejsce ochronne,Obiekt ochrony ludności,,Poznań,Poznań,wielkopolskie,52.38862146774669,17.00193285942078,"os. Przemysława 25, Poznań",Całodobowa
OZO-A7CA1032CCCB,Miejsce ochronne,Obiekt ochrony ludności,,Luboń,pow. poznański,wielkopolskie,52.34277101338786,16.884415894746784,"28, Luboń",Całodobowa
OZO-BF2D8CA6A621,Miejsce ochronne,Obiekt ochrony ludności,,Luboń,pow. poznański,wielkopolskie,52.34270218967095,16.88441321253777,"ul. Wschodnia 28, Luboń",Całodobowa
OZO-F2BFBB159C50,Miejsce ochronne,Obiekt ochrony ludności,,Tarnowo Podgórne,pow. poznański,wielkopolskie,52.43731767999526,16.748459321004958,"ul. Lipowa 15, Swadzim",Określone godziny
OZO-28D83A9A0C94,Miejsce ochronne,Obiekt ochrony ludności,,Poznań,Poznań,wielkopolskie,52.40973621,16.84503673,"ul. Leśnych Skrzatów 23, Poznań",Określone godziny
OZO-9A21584EBFA5,Miejsce ochronne,Obiekt ochrony ludności,,Tarnowo Podgórne,pow. poznański,wielkopolskie,52.42517598201939,16.780752539634708,"ul. Kościelna 46/48, Przeźmierowo",Określone godziny
OZO-99FF9D2845F3,Miejsce ochronne,Obiekt ochrony ludności,,Poznań,Poznań,wielkopolskie,52.38204623,16.85766772,"15, Poznań",Całodobowa
OZO-25CE67F849F0,Miejsce ochronne,Obiekt ochrony ludności,,Poznań,Poznań,wielkopolskie,52.41540566,16.90502567,"ul. Barańczaka Stanisława 3j, Poznań",Całodobowa
OZO-63ACF0307775,Miejsce ochronne,Obiekt ochrony ludności,,Poznań,Poznań,wielkopolskie,52.36505279288931,16.902219057083133,"ul. Czerwca 1956 r. 28 352, Poznań",Na żądanie
OZO-D8ECEBB28F38,Miejsce ochronne,Obiekt ochrony ludności,,Poznań,Poznań,wielkopolskie,52.39217735,16.88920408,"ul. Hetmańska 15/19, Poznań",Na żądanie
